#{"t_start": 1744093429.7673395, "env_id": "None"}
r,l,t
-260.0,2,0.013605
-260.0,2,0.013605
-260.0,2,0.01524
-260.0,2,0.015986
-260.0,2,0.017431
-260.0,2,1.961908
-280.0,3,1.965246
-260.0,2,1.968727
-260.0,2,1.970054
-260.0,2,1.976762
-260.0,2,1.977774
-260.0,2,1.979776
-260.0,2,1.982078
-260.0,2,1.98882
-260.0,2,1.989853
-260.0,2,4.700816
-260.0,2,4.702814
-260.0,2,4.709424
-260.0,2,4.710594
-260.0,2,4.711969
-260.0,2,4.713141
-260.0,2,4.719581
-260.0,2,4.721589
-260.0,2,4.723094
-280.0,3,4.724015
-260.0,2,5.623723
-260.0,2,5.625782
-280.0,3,5.626812
-280.0,3,5.628105
-260.0,2,5.668318
-260.0,2,5.678007
-260.0,2,5.688074
-260.0,2,5.689092
-260.0,2,5.693715
-260.0,2,5.696146
-260.0,2,6.479627
-260.0,2,6.479627
-260.0,2,6.483623
-260.0,2,6.484622
-260.0,2,6.484622
-260.0,2,6.487069
-260.0,2,6.49125
-260.0,2,6.492292
-260.0,2,6.493266
-260.0,2,6.493266
-260.0,2,7.314194
-260.0,2,7.316196
-260.0,2,7.317194
-260.0,2,7.318337
-280.0,3,7.323779
-280.0,3,7.324953
-280.0,3,7.32892
-260.0,2,7.330414
-260.0,2,7.519081
-260.0,2,7.520471
-260.0,2,8.296053
-260.0,2,8.297051
-260.0,2,8.307625
-260.0,2,8.307625
-260.0,2,8.313269
-260.0,2,8.314681
-260.0,2,8.330279
-260.0,2,8.331282
-260.0,2,8.339091
-260.0,2,8.340081
-260.0,2,9.248026
-260.0,2,9.250037
-260.0,2,9.254219
-260.0,2,9.256233
-260.0,2,9.267337
-260.0,2,9.268368
-260.0,2,9.273018
-260.0,2,9.274535
-260.0,2,9.285685
-260.0,2,9.287685
-260.0,2,10.110087
-260.0,2,10.111091
-260.0,2,10.121515
-260.0,2,10.122509
-260.0,2,10.127809
-260.0,2,10.128808
-260.0,2,10.140113
-260.0,2,10.141113
-260.0,2,10.15324
-260.0,2,10.154306
-260.0,2,11.182332
-260.0,2,11.183533
-260.0,2,11.188625
-260.0,2,11.189718
-260.0,2,11.199579
-260.0,2,11.200585
-280.0,3,11.204896
-260.0,2,11.206115
-260.0,2,11.214261
-260.0,2,11.215422
-260.0,2,11.994869
-260.0,2,11.995872
-260.0,2,12.006603
-260.0,2,12.009091
-260.0,2,12.015223
-260.0,2,12.016402
-260.0,2,12.027309
-260.0,2,12.02832
-260.0,2,12.035318
-260.0,2,12.036319
-280.0,3,12.893726
-260.0,2,12.899228
-260.0,2,12.900724
-260.0,2,12.90535
-260.0,2,12.911288
-260.0,2,12.916346
-260.0,2,12.917715
-260.0,2,12.92182
-260.0,2,12.928613
-260.0,2,12.935166
-280.0,3,13.709926
-260.0,2,13.713559
-260.0,2,13.724113
-260.0,2,13.729272
-260.0,2,13.731023
-260.0,2,13.736934
-260.0,2,13.742162
-260.0,2,13.747626
-260.0,2,13.74963
-260.0,2,13.754923
-260.0,2,14.65757
-260.0,2,14.662483
-260.0,2,14.663645
-260.0,2,14.668717
-280.0,3,14.677418
-260.0,2,14.679954
-260.0,2,14.684273
-260.0,2,14.686841
-260.0,2,14.698935
-260.0,2,14.699951
-260.0,2,15.530707
-260.0,2,15.530707
-260.0,2,15.541486
-280.0,3,15.543066
-260.0,2,15.548342
-260.0,2,15.549527
-260.0,2,15.560494
-260.0,2,15.561756
-260.0,2,15.567309
-260.0,2,15.569096
-280.0,3,16.373501
-260.0,2,16.379095
-260.0,2,16.380758
-260.0,2,16.38448
-260.0,2,16.389047
-260.0,2,16.395199
-280.0,3,16.39792
-260.0,2,16.40381
-260.0,2,16.408939
-260.0,2,16.416404
-260.0,2,17.290207
-260.0,2,17.295718
-260.0,2,17.301816
-280.0,3,17.306816
-260.0,2,17.310941
-260.0,2,17.31194
-260.0,2,17.323956
-260.0,2,17.324587
-280.0,3,17.33068
-260.0,2,17.331674
-280.0,3,18.130543
-260.0,2,18.136572
-260.0,2,18.138315
-260.0,2,18.143402
-260.0,2,18.151479
-260.0,2,18.157179
-260.0,2,18.158178
-260.0,2,18.165342
-260.0,2,18.172584
-260.0,2,18.177561
-260.0,2,18.990607
-260.0,2,18.994162
-260.0,2,19.002197
-280.0,3,19.007058
-260.0,2,19.008063
-260.0,2,19.013924
-260.0,2,19.023035
-260.0,2,19.025533
-260.0,2,19.028983
-260.0,2,19.036029
-260.0,2,20.168096
-260.0,2,20.172483
-260.0,2,20.173278
-260.0,2,20.175278
-260.0,2,20.184951
-260.0,2,20.185346
-260.0,2,20.192595
-260.0,2,20.199672
-260.0,2,20.207815
-260.0,2,20.217906
-260.0,2,21.104561
-280.0,3,21.111868
-260.0,2,21.122413
-260.0,2,21.12354
-260.0,2,21.128176
-260.0,2,21.129179
-260.0,2,21.140349
-280.0,3,21.141348
-260.0,2,21.145324
-260.0,2,21.148316
-260.0,2,22.004037
-260.0,2,22.005034
-260.0,2,22.009613
-260.0,2,22.010611
-260.0,2,22.01914
-260.0,2,22.020278
-260.0,2,22.025289
-260.0,2,22.026288
-300.0,4,22.035336
-260.0,2,22.035336
-260.0,2,22.845682
-260.0,2,22.850827
-260.0,2,22.857272
-260.0,2,22.86271
-260.0,2,22.864718
-260.0,2,22.869694
-260.0,2,22.876368
-260.0,2,22.882685
-260.0,2,22.88362
-280.0,3,22.889357
-260.0,2,23.804093
-280.0,3,23.805103
-260.0,2,23.810826
-260.0,2,23.812535
-260.0,2,23.823113
-260.0,2,23.824809
-260.0,2,23.832168
-260.0,2,23.833513
-260.0,2,23.845706
-260.0,2,23.847558
-260.0,2,24.902788
-260.0,2,24.902788
-260.0,2,24.919596
-260.0,2,24.921304
-260.0,2,24.926894
-260.0,2,24.928999
-260.0,2,24.942116
-260.0,2,24.942596
-260.0,2,24.948775
-260.0,2,24.949786
-260.0,2,25.820377
-260.0,2,25.824873
-260.0,2,25.829912
-260.0,2,25.830909
-260.0,2,25.841401
-260.0,2,25.843247
-260.0,2,25.848749
-260.0,2,25.850082
-260.0,2,25.857148
-260.0,2,25.862346
-280.0,3,26.674752
-260.0,2,26.684796
-260.0,2,26.69002
-260.0,2,26.694022
-260.0,2,26.69613
-260.0,2,26.702912
-260.0,2,26.711154
-260.0,2,26.719502
-260.0,2,26.720867
-280.0,3,26.726206
-260.0,2,27.557089
-260.0,2,27.562567
-260.0,2,27.563568
-260.0,2,27.569568
-280.0,3,27.581103
-260.0,2,27.583102
-260.0,2,27.585249
-260.0,2,27.590194
-260.0,2,27.601998
-260.0,2,27.603005
-280.0,3,28.829893
-260.0,2,28.829893
-260.0,2,28.844215
-260.0,2,28.845974
-280.0,3,28.853115
-260.0,2,28.857267
-260.0,2,28.866421
-260.0,2,28.872819
-260.0,2,28.874207
-280.0,3,28.88093
-260.0,2,29.760578
-260.0,2,29.76685
-260.0,2,29.767887
-260.0,2,29.772774
-260.0,2,29.779245
-260.0,2,29.786187
-260.0,2,29.787478
-260.0,2,29.791253
-260.0,2,29.79975
-260.0,2,29.807138
-260.0,2,30.647179
-260.0,2,30.650914
-260.0,2,30.657495
-260.0,2,30.663437
-260.0,2,30.664828
-260.0,2,30.670835
-260.0,2,30.677166
-260.0,2,30.681711
-260.0,2,30.683234
-260.0,2,30.68874
-260.0,2,31.531444
-260.0,2,31.537875
-260.0,2,31.539793
-280.0,3,31.544418
-260.0,2,31.554754
-260.0,2,31.555755
-260.0,2,31.559985
-260.0,2,31.564453
-260.0,2,31.568166
-260.0,2,31.568166
-260.0,2,32.433679
-280.0,3,32.435675
-260.0,2,32.445978
-260.0,2,32.446717
-260.0,2,32.450506
-260.0,2,32.452761
-260.0,2,32.46249
-260.0,2,32.464498
-260.0,2,32.469914
-260.0,2,32.470925
-260.0,2,33.419851
-260.0,2,33.421414
-260.0,2,33.427435
-280.0,3,33.431823
-260.0,2,33.440074
-260.0,2,33.446069
-260.0,2,33.448644
-260.0,2,33.454829
-260.0,2,33.461425
-260.0,2,33.467905
-260.0,2,34.428829
-260.0,2,34.432984
-260.0,2,34.439893
-260.0,2,34.446181
-260.0,2,34.447182
-260.0,2,34.453642
-300.0,4,34.465827
-260.0,2,34.466892
-260.0,2,34.469721
-260.0,2,34.469721
-260.0,2,35.482122
-260.0,2,35.483213
-260.0,2,35.488469
-260.0,2,35.48969
-260.0,2,35.501333
-260.0,2,35.502927
-260.0,2,35.50858
-260.0,2,35.509908
-260.0,2,35.52123
-260.0,2,35.522539
-260.0,2,36.399836
-260.0,2,36.402071
-260.0,2,36.413334
-260.0,2,36.415334
-280.0,3,36.422541
-260.0,2,36.424539
-260.0,2,36.435727
-260.0,2,36.437609
-260.0,2,36.442643
-260.0,2,36.44466
-260.0,2,37.834654
-260.0,2,37.836701
-260.0,2,37.843907
-260.0,2,37.848425
-260.0,2,37.864046
-260.0,2,37.866042
-260.0,2,37.873006
-260.0,2,37.87505
-280.0,3,37.891891
-260.0,2,37.901008
-260.0,2,38.973349
-260.0,2,38.978356
-260.0,2,38.986248
-260.0,2,38.991008
-260.0,2,38.993036
-260.0,2,38.99849
-260.0,2,39.004658
-260.0,2,39.010461
-280.0,3,39.014463
-260.0,2,39.020711
-260.0,2,39.919784
-280.0,3,39.926298
-260.0,2,39.933593
-260.0,2,39.935361
-260.0,2,39.94397
-260.0,2,39.945004
-280.0,3,39.950785
-260.0,2,39.951996
-260.0,2,39.961237
-260.0,2,39.962548
-300.0,4,40.765386
-260.0,2,40.775754
-260.0,2,40.783412
-260.0,2,40.789664
-260.0,2,40.790675
-260.0,2,40.794582
-260.0,2,40.798413
-260.0,2,40.806817
-280.0,3,40.811269
-260.0,2,40.812386
-260.0,2,41.66352
-260.0,2,41.665105
-320.0,5,41.671742
-260.0,2,41.67666
-260.0,2,41.684371
-260.0,2,41.688317
-260.0,2,41.690348
-260.0,2,41.69556
-280.0,3,41.707471
-260.0,2,41.707471
-260.0,2,42.545563
-260.0,2,42.545563
-260.0,2,42.561681
-260.0,2,42.563679
-280.0,3,42.569962
-260.0,2,42.571886
-260.0,2,42.582213
-280.0,3,42.588308
-260.0,2,42.590079
-280.0,3,42.595187
-260.0,2,43.359701
-260.0,2,43.367657
-260.0,2,43.368669
-260.0,2,43.372483
-260.0,2,43.37927
-260.0,2,43.385718
-260.0,2,43.386174
-260.0,2,43.392017
-280.0,3,43.406331
-260.0,2,43.407311
-260.0,2,44.387944
-260.0,2,44.387944
-280.0,3,44.404915
-260.0,2,44.405908
-260.0,2,44.407965
-260.0,2,44.411776
-260.0,2,44.423097
-260.0,2,44.424742
-260.0,2,44.43335
-260.0,2,44.43538
-260.0,2,45.29968
-260.0,2,45.307474
-260.0,2,45.311716
-260.0,2,45.314211
-260.0,2,45.319146
-260.0,2,45.329667
-260.0,2,45.336581
-280.0,3,45.343569
-280.0,3,45.356725
-260.0,2,45.366486
-260.0,2,46.485395
-280.0,3,46.49029
-260.0,2,46.504393
-260.0,2,46.505466
-260.0,2,46.510392
-260.0,2,46.511376
-260.0,2,46.523893
-260.0,2,46.524975
-260.0,2,46.531138
-260.0,2,46.533396
-260.0,2,47.381462
-260.0,2,47.386174
-260.0,2,47.391131
-280.0,3,47.393568
-260.0,2,47.406484
-260.0,2,47.407856
-260.0,2,47.412853
-260.0,2,47.414864
-260.0,2,47.424227
-260.0,2,47.425419
-280.0,3,48.194628
-260.0,2,48.201341
-320.0,5,48.212244
-260.0,2,48.214002
-280.0,3,48.219604
-260.0,2,48.22397
-260.0,2,48.230472
-260.0,2,48.236563
-260.0,2,48.238314
-260.0,2,48.242346
-260.0,2,49.089366
-260.0,2,49.095882
-260.0,2,49.09797
-260.0,2,49.103377
-260.0,2,49.110044
-260.0,2,49.118392
-260.0,2,49.119833
-260.0,2,49.124414
-260.0,2,49.134691
-260.0,2,49.139426
-260.0,2,50.197281
-260.0,2,50.203552
-260.0,2,50.210641
-260.0,2,50.21823
-260.0,2,50.219297
-260.0,2,50.223305
-260.0,2,50.234383
-260.0,2,50.240677
-280.0,3,50.24236
-260.0,2,50.249631
-260.0,2,51.138716
-320.0,5,51.151539
-260.0,2,51.153517
-260.0,2,51.157552
-260.0,2,51.164884
-260.0,2,51.171038
-280.0,3,51.174296
-280.0,3,51.181378
-260.0,2,51.192685
-260.0,2,51.193694
-280.0,3,52.003976
-260.0,2,52.004997
-260.0,2,52.016535
-260.0,2,52.018151
-260.0,2,52.022368
-260.0,2,52.025122
-260.0,2,52.036265
-260.0,2,52.037261
-260.0,2,52.040884
-260.0,2,52.042956
-260.0,2,52.923047
-260.0,2,52.925045
-260.0,2,52.930884
-260.0,2,52.932447
-260.0,2,52.941122
-260.0,2,52.941122
-260.0,2,52.95105
-260.0,2,52.952337
-260.0,2,52.95713
-260.0,2,52.962294
-260.0,2,53.91648
-260.0,2,53.919105
-260.0,2,53.931271
-260.0,2,53.933599
-260.0,2,53.939282
-260.0,2,53.94088
-260.0,2,53.953504
-280.0,3,53.958835
-260.0,2,53.958835
-260.0,2,53.9687
-260.0,2,54.967926
-260.0,2,54.974511
-300.0,4,54.981932
-260.0,2,54.983968
-260.0,2,54.994092
-260.0,2,54.994598
-260.0,2,55.001605
-260.0,2,55.002872
-260.0,2,55.013264
-260.0,2,55.015462
-260.0,2,56.061852
-280.0,3,56.064507
-260.0,2,56.071641
-260.0,2,56.074766
-260.0,2,56.07937
-260.0,2,56.080639
-260.0,2,56.087994
-280.0,3,56.096971
-260.0,2,56.099066
-260.0,2,56.103267
-260.0,2,56.90231
-260.0,2,56.911716
-260.0,2,56.91327
-400.0,9,56.926185
-260.0,2,56.937547
-260.0,2,56.938519
-260.0,2,56.942528
-260.0,2,56.944378
-260.0,2,56.955272
-280.0,3,56.959439
-260.0,2,57.86563
-260.0,2,57.871336
-260.0,2,57.882365
-300.0,4,57.887901
-260.0,2,57.893028
-260.0,2,57.894303
-280.0,3,57.906712
-260.0,2,57.908873
-260.0,2,57.915779
-260.0,2,57.917861
-260.0,2,58.759458
-260.0,2,58.763769
-260.0,2,58.769095
-260.0,2,58.770246
-280.0,3,58.781469
-260.0,2,58.788028
-260.0,2,58.789175
-260.0,2,58.792927
-260.0,2,58.801815
-260.0,2,58.807262
-260.0,2,59.612283
-260.0,2,59.617563
-260.0,2,59.625524
-280.0,3,59.632128
-280.0,3,59.639438
-300.0,4,59.644462
-260.0,2,59.649501
-260.0,2,59.656133
-260.0,2,59.657133
-260.0,2,59.663777
-260.0,2,60.479553
-260.0,2,60.485645
-260.0,2,60.487443
-260.0,2,60.491511
-260.0,2,60.497114
-260.0,2,60.498877
-260.0,2,60.498877
-260.0,2,60.507463
-260.0,2,60.512415
-260.0,2,60.519535
-260.0,2,61.37758
-260.0,2,61.384122
-260.0,2,61.39145
-300.0,4,61.396469
-300.0,4,61.402117
-280.0,3,61.408252
-260.0,2,61.412973
-260.0,2,61.419995
-260.0,2,61.420993
-280.0,3,61.425262
-260.0,2,62.221932
-280.0,3,62.227235
-260.0,2,62.234081
-260.0,2,62.235054
-260.0,2,62.247563
-260.0,2,62.250554
-260.0,2,62.256658
-260.0,2,62.257668
-260.0,2,62.270501
-260.0,2,62.271509
-260.0,2,63.148722
-260.0,2,63.14996
-260.0,2,63.157993
-260.0,2,63.161514
-260.0,2,63.167641
-260.0,2,63.1695
-260.0,2,63.179571
-260.0,2,63.179571
-260.0,2,63.186432
-280.0,3,63.190266
-260.0,2,64.369814
-280.0,3,64.377038
-260.0,2,64.378894
-260.0,2,64.385468
-260.0,2,64.391421
-260.0,2,64.39669
-260.0,2,64.3977
-260.0,2,64.4041
-260.0,2,64.411108
-260.0,2,64.418426
-260.0,2,65.225894
-260.0,2,65.226985
-260.0,2,65.236675
-260.0,2,65.239802
-260.0,2,65.242153
-260.0,2,65.246675
-260.0,2,65.25448
-300.0,4,65.261065
-260.0,2,65.267933
-280.0,3,65.27227
-260.0,2,66.088721
-260.0,2,66.095214
-260.0,2,66.098401
-320.0,5,66.104331
-260.0,2,66.119036
-260.0,2,66.1206
-280.0,3,66.12625
-260.0,2,66.13126
-260.0,2,66.138771
-260.0,2,66.142629
-260.0,2,67.04419
-300.0,4,67.051715
-260.0,2,67.066947
-260.0,2,67.066947
-260.0,2,67.074635
-260.0,2,67.076673
-260.0,2,67.090337
-260.0,2,67.091715
-260.0,2,67.098013
-260.0,2,67.100554
-260.0,2,68.054794
-260.0,2,68.056262
-280.0,3,68.061668
-300.0,4,68.069425
-260.0,2,68.075516
-260.0,2,68.081596
-260.0,2,68.083248
-260.0,2,68.088353
-260.0,2,68.096217
-260.0,2,68.104143
-260.0,2,68.958097
-260.0,2,68.958097
-260.0,2,68.969925
-260.0,2,68.975056
-280.0,3,68.9818
-260.0,2,68.98396
-260.0,2,68.994156
-260.0,2,68.995121
-260.0,2,69.001204
-260.0,2,69.002882
-260.0,2,69.849488
-260.0,2,69.851173
-280.0,3,69.854283
-260.0,2,69.856559
-260.0,2,69.866305
-280.0,3,69.871803
-280.0,3,69.873084
-260.0,2,69.876819
-260.0,2,69.884877
-260.0,2,69.890007
-260.0,2,70.655599
-260.0,2,70.66111
-260.0,2,70.668473
-260.0,2,70.671656
-260.0,2,70.672884
-260.0,2,70.676264
-260.0,2,70.684265
-260.0,2,70.687949
-260.0,2,70.689794
-260.0,2,70.694204
-260.0,2,71.532263
-260.0,2,71.53902
-260.0,2,71.540356
-280.0,3,71.546319
-260.0,2,71.560429
-260.0,2,71.561397
-280.0,3,71.569486
-260.0,2,71.570487
-360.0,7,71.591491
-260.0,2,71.596639
-260.0,2,72.753512
-260.0,2,72.753512
-260.0,2,72.766278
-260.0,2,72.771172
-260.0,2,72.772014
-300.0,4,72.779583
-260.0,2,72.790528
-260.0,2,72.791725
-260.0,2,72.798302
-280.0,3,72.800885
-260.0,2,73.633067
-260.0,2,73.635301
-260.0,2,73.640882
-260.0,2,73.642742
-260.0,2,73.654757
-260.0,2,73.655035
-300.0,4,73.662614
-260.0,2,73.667797
-260.0,2,73.676978
-280.0,3,73.681909
-280.0,3,74.597397
-260.0,2,74.598452
-300.0,4,74.610231
-260.0,2,74.617855
-260.0,2,74.618307
-260.0,2,74.623341
-260.0,2,74.629612
-260.0,2,74.636266
-280.0,3,74.641475
-260.0,2,74.642989
-260.0,2,75.631432
-260.0,2,75.636935
-260.0,2,75.642252
-280.0,3,75.64447
-280.0,3,75.658755
-260.0,2,75.665065
-260.0,2,75.667462
-260.0,2,75.671944
-260.0,2,75.679754
-260.0,2,75.686764
-280.0,3,76.59439
-260.0,2,76.59439
-260.0,2,76.606977
-260.0,2,76.612099
-260.0,2,76.613947
-280.0,3,76.621756
-280.0,3,76.632693
-260.0,2,76.635552
-260.0,2,76.639796
-260.0,2,76.641777
-260.0,2,77.519053
-260.0,2,77.523523
-260.0,2,77.528859
-260.0,2,77.530695
-260.0,2,77.540564
-260.0,2,77.541265
-260.0,2,77.547306
-260.0,2,77.55035
-260.0,2,77.560106
-260.0,2,77.561165
-260.0,2,78.455548
-260.0,2,78.46307
-260.0,2,78.474731
-260.0,2,78.475895
-260.0,2,78.481003
-260.0,2,78.4841
-260.0,2,78.491676
-260.0,2,78.493762
-260.0,2,78.499079
-260.0,2,78.501236
-260.0,2,79.290029
-260.0,2,79.292072
-260.0,2,79.299996
-260.0,2,79.299996
-300.0,4,79.310908
-300.0,4,79.317407
-260.0,2,79.322501
-260.0,2,79.324515
-260.0,2,79.336061
-260.0,2,79.337482
-280.0,3,80.401249
-260.0,2,80.408042
-260.0,2,80.415093
-260.0,2,80.421691
-260.0,2,80.422787
-300.0,4,80.427932
-260.0,2,80.44107
-260.0,2,80.443602
-260.0,2,80.450042
-260.0,2,80.452179
-260.0,2,81.272824
-260.0,2,81.280046
-280.0,3,81.285488
-260.0,2,81.288851
-260.0,2,81.300758
-280.0,3,81.30662
-260.0,2,81.30864
-280.0,3,81.313646
-260.0,2,81.322481
-260.0,2,81.326294
-260.0,2,82.339287
-260.0,2,82.343697
-260.0,2,82.351821
-260.0,2,82.355821
-260.0,2,82.356819
-260.0,2,82.36282
-280.0,3,82.374609
-260.0,2,82.375878
-280.0,3,82.38029
-260.0,2,82.382631
-260.0,2,83.150855
-260.0,2,83.152939
-280.0,3,83.159733
-260.0,2,83.164764
-260.0,2,83.172068
-280.0,3,83.176931
-260.0,2,83.178708
-260.0,2,83.18567
-260.0,2,83.189893
-280.0,3,83.195924
-280.0,3,83.9749
-280.0,3,83.979642
-260.0,2,83.98816
-260.0,2,83.993152
-260.0,2,83.995073
-260.0,2,83.9999
-260.0,2,84.006144
-260.0,2,84.010815
-260.0,2,84.011822
-260.0,2,84.016069
-360.0,7,84.874706
-260.0,2,84.881967
-260.0,2,84.882476
-300.0,4,84.890242
-260.0,2,84.900797
-260.0,2,84.901801
-300.0,4,84.910887
-260.0,2,84.916765
-260.0,2,84.922141
-320.0,5,84.934797
-280.0,3,85.703968
-260.0,2,85.708862
-260.0,2,85.718178
-260.0,2,85.72196
-260.0,2,85.72304
-260.0,2,85.726864
-260.0,2,85.734954
-260.0,2,85.739697
-260.0,2,85.74172
-260.0,2,85.746375
-280.0,3,86.55015
-260.0,2,86.551584
-260.0,2,86.555449
-280.0,3,86.558826
-280.0,3,86.570231
-300.0,4,86.577635
-260.0,2,86.58438
-260.0,2,86.585814
-260.0,2,86.594745
-260.0,2,86.596786
-300.0,4,87.425267
-260.0,2,87.432958
-280.0,3,87.439379
-280.0,3,87.444665
-280.0,3,87.452483
-300.0,4,87.457547
-260.0,2,87.46583
-300.0,4,87.47303
-260.0,2,87.478147
-260.0,2,87.479268
-280.0,3,88.388716
-260.0,2,88.395744
-280.0,3,88.398858
-260.0,2,88.406321
-260.0,2,88.414263
-300.0,4,88.422499
-260.0,2,88.427305
-260.0,2,88.429273
-260.0,2,88.435637
-260.0,2,88.44382
-260.0,2,89.289291
-260.0,2,89.290855
-280.0,3,89.300885
-260.0,2,89.306656
-260.0,2,89.307837
-280.0,3,89.313116
-260.0,2,89.32108
-260.0,2,89.322231
-260.0,2,89.328502
-260.0,2,89.335111
-260.0,2,90.365108
-280.0,3,90.369354
-260.0,2,90.375194
-280.0,3,90.377273
-260.0,2,90.386603
-260.0,2,90.387647
-300.0,4,90.393105
-260.0,2,90.398939
-260.0,2,90.404261
-300.0,4,90.410436
-260.0,2,91.164404
-260.0,2,91.165531
-280.0,3,91.176011
-280.0,3,91.181066
-260.0,2,91.184758
-260.0,2,91.189845
-300.0,4,91.201579
-260.0,2,91.202527
-260.0,2,91.205152
-280.0,3,91.210065
-280.0,3,92.056035
-260.0,2,92.061516
-260.0,2,92.06253
-280.0,3,92.070601
-280.0,3,92.08274
-280.0,3,92.085793
-260.0,2,92.091967
-260.0,2,92.099147
-260.0,2,92.108972
-260.0,2,92.120122
-280.0,3,92.985996
-260.0,2,92.993276
-280.0,3,93.006968
-260.0,2,93.009331
-260.0,2,93.01699
-260.0,2,93.019281
-260.0,2,93.030995
-280.0,3,93.033572
-260.0,2,93.03557
-260.0,2,93.039088
-260.0,2,93.923518
-260.0,2,93.926563
-300.0,4,93.935586
-260.0,2,93.941571
-260.0,2,93.950363
-300.0,4,93.957896
-280.0,3,93.963036
-280.0,3,93.973671
-260.0,2,93.981008
-280.0,3,93.990162
-260.0,2,95.063819
-260.0,2,95.065303
-280.0,3,95.077561
-260.0,2,95.078572
-300.0,4,95.087404
-260.0,2,95.09223
-260.0,2,95.100129
-280.0,3,95.109562
-260.0,2,95.114593
-260.0,2,95.11902
-280.0,3,96.300921
-260.0,2,96.302847
-300.0,4,96.308924
-260.0,2,96.31677
-260.0,2,96.327324
-260.0,2,96.331104
-260.0,2,96.33851
-260.0,2,96.340574
-300.0,4,96.362134
-380.0,8,96.379297
-260.0,2,97.491206
-260.0,2,97.492922
-320.0,5,97.51015
-260.0,2,97.516153
-300.0,4,97.524754
-280.0,3,97.528655
-260.0,2,97.543923
-280.0,3,97.550548
-280.0,3,97.55645
-260.0,2,97.558564
-300.0,4,98.53506
-260.0,2,98.536662
-260.0,2,98.542189
-260.0,2,98.544051
-260.0,2,98.555544
-260.0,2,98.556589
-340.0,6,98.569113
-260.0,2,98.571565
-260.0,2,98.585812
-260.0,2,98.587299
-260.0,2,99.413588
-260.0,2,99.413588
-280.0,3,99.430743
-280.0,3,99.437118
-260.0,2,99.438777
-260.0,2,99.444407
-260.0,2,99.451382
-320.0,5,99.46243
-280.0,3,99.464594
-260.0,2,99.467042
-280.0,3,100.697007
-260.0,2,100.698579
-260.0,2,100.703231
-260.0,2,100.70763
-300.0,4,100.719471
-260.0,2,100.725506
-260.0,2,100.726606
-280.0,3,100.735214
-280.0,3,100.747353
-260.0,2,100.749815
-260.0,2,101.603215
-300.0,4,101.61185
-260.0,2,101.618421
-280.0,3,101.625636
-260.0,2,101.627538
-280.0,3,101.635392
-260.0,2,101.646148
-260.0,2,101.648151
-280.0,3,101.653473
-300.0,4,101.661562
-280.0,3,102.483071
-260.0,2,102.486154
-260.0,2,102.490645
-260.0,2,102.491653
-260.0,2,102.503402
-300.0,4,102.509318
-260.0,2,102.510328
-300.0,4,102.516145
-260.0,2,102.530081
-260.0,2,102.532411
-260.0,2,103.345001
-320.0,5,103.359205
-300.0,4,103.371595
-260.0,2,103.372617
-300.0,4,103.380026
-280.0,3,103.386695
-260.0,2,103.396788
-260.0,2,103.398737
-260.0,2,103.402754
-260.0,2,103.405932
-260.0,2,104.283061
-280.0,3,104.284659
-280.0,3,104.290622
-260.0,2,104.293495
-300.0,4,104.311942
-260.0,2,104.316925
-260.0,2,104.326812
-260.0,2,104.330344
-260.0,2,104.34302
-260.0,2,104.344646
-260.0,2,105.33801
-280.0,3,105.340981
-260.0,2,105.352173
-260.0,2,105.353316
-260.0,2,105.357478
-280.0,3,105.364247
-260.0,2,105.371797
-260.0,2,105.377093
-300.0,4,105.384423
-280.0,3,105.388103
-260.0,2,106.269146
-260.0,2,106.273494
-280.0,3,106.281278
-260.0,2,106.28637
-300.0,4,106.300812
-260.0,2,106.301444
-260.0,2,106.305865
-260.0,2,106.308
-340.0,6,106.325216
-260.0,2,106.327105
-260.0,2,107.186096
-300.0,4,107.199157
-300.0,4,107.210228
-280.0,3,107.213369
-260.0,2,107.219163
-260.0,2,107.220201
-260.0,2,107.231017
-280.0,3,107.239091
-300.0,4,107.245456
-260.0,2,107.247645
-260.0,2,108.08084
-280.0,3,108.0834
-300.0,4,108.090504
-260.0,2,108.095368
-260.0,2,108.105413
-300.0,4,108.112245
-260.0,2,108.11742
-260.0,2,108.123452
-340.0,6,108.140498
-260.0,2,108.145439
-260.0,2,109.218933
-260.0,2,109.218933
-300.0,4,109.231355
-300.0,4,109.237455
-280.0,3,109.242409
-320.0,5,109.247447
-280.0,3,109.25899
-360.0,7,109.270262
-260.0,2,109.271269
-260.0,2,109.276908
-380.0,8,110.113896
-300.0,4,110.122398
-260.0,2,110.124405
-260.0,2,110.128349
-260.0,2,110.136115
-260.0,2,110.141741
-280.0,3,110.148972
-280.0,3,110.15098
-260.0,2,110.161258
-340.0,6,110.171411
-260.0,2,110.945897
-300.0,4,110.951346
-340.0,6,110.967942
-360.0,7,110.97764
-260.0,2,110.983984
-260.0,2,110.984985
-260.0,2,110.996012
-260.0,2,110.997468
-260.0,2,111.002977
-320.0,5,111.011112
-320.0,5,111.798674
-300.0,4,111.804272
-260.0,2,111.810044
-260.0,2,111.811461
-260.0,2,111.822594
-300.0,4,111.82709
-280.0,3,111.830511
-280.0,3,111.838748
-320.0,5,111.85314
-300.0,4,111.858849
-280.0,3,112.675465
-260.0,2,112.681646
-260.0,2,112.6896
-260.0,2,112.696165
-260.0,2,112.698621
-260.0,2,112.704434
-280.0,3,112.710511
-300.0,4,112.716522
-260.0,2,112.721909
-280.0,3,112.726636
-300.0,4,113.5865
-260.0,2,113.588296
-260.0,2,113.599204
-300.0,4,113.605314
-260.0,2,113.611532
-260.0,2,113.617785
-260.0,2,113.619893
-260.0,2,113.625346
-320.0,5,113.636966
-300.0,4,113.646021
-260.0,2,114.58708
-260.0,2,114.594048
-260.0,2,114.601591
-260.0,2,114.608352
-260.0,2,114.609513
-280.0,3,114.617413
-260.0,2,114.628302
-300.0,4,114.630607
-260.0,2,114.63747
-300.0,4,114.644138
-260.0,2,115.538123
-260.0,2,115.540267
-280.0,3,115.548373
-260.0,2,115.549993
-260.0,2,115.561098
-260.0,2,115.563362
-280.0,3,115.571551
-280.0,3,115.576564
-300.0,4,115.589041
-280.0,3,115.594888
-320.0,5,116.563672
-260.0,2,116.571959
-260.0,2,116.583106
-260.0,2,116.585147
-260.0,2,116.590148
-260.0,2,116.591444
-300.0,4,116.605845
-260.0,2,116.610231
-260.0,2,116.611909
-280.0,3,116.618515
-260.0,2,117.54712
-280.0,3,117.550495
-280.0,3,117.557111
-300.0,4,117.561454
-320.0,5,117.574484
-400.0,9,117.594341
-300.0,4,117.602537
-260.0,2,117.604688
-300.0,4,117.618328
-260.0,2,117.623347
-300.0,4,118.652459
-280.0,3,118.658167
-300.0,4,118.669376
-280.0,3,118.675082
-260.0,2,118.679268
-260.0,2,118.680698
-300.0,4,118.691029
-260.0,2,118.69679
-280.0,3,118.699716
-320.0,5,118.709974
-280.0,3,119.511161
-260.0,2,119.516325
-340.0,6,119.519275
-260.0,2,119.52823
-260.0,2,119.536226
-260.0,2,119.542182
-260.0,2,119.543151
-260.0,2,119.54933
-280.0,3,119.560878
-260.0,2,119.562789
-300.0,4,120.390439
-280.0,3,120.402211
-260.0,2,120.409098
-260.0,2,120.415412
-300.0,4,120.428322
-260.0,2,120.42927
-260.0,2,120.442764
-260.0,2,120.443722
-260.0,2,120.448852
-380.0,8,120.463876
-300.0,4,121.315576
-280.0,3,121.326303
-260.0,2,121.327688
-260.0,2,121.333319
-320.0,5,121.343986
-300.0,4,121.353382
-280.0,3,121.36005
-260.0,2,121.36177
-400.0,9,121.383398
-260.0,2,121.38993
-300.0,4,122.228418
-260.0,2,122.231349
-260.0,2,122.241638
-260.0,2,122.243148
-260.0,2,122.24684
-280.0,3,122.254707
-320.0,5,122.267035
-260.0,2,122.268846
-320.0,5,122.280185
-300.0,4,122.288817
-300.0,4,123.097874
-260.0,2,123.099818
-260.0,2,123.105183
-260.0,2,123.108712
-260.0,2,123.114053
-260.0,2,123.114053
-280.0,3,123.128038
-260.0,2,123.131256
-280.0,3,123.1428
-280.0,3,123.147564
-260.0,2,124.033807
-280.0,3,124.041
-260.0,2,124.052498
-280.0,3,124.055311
-280.0,3,124.062108
-260.0,2,124.068109
-280.0,3,124.076658
-300.0,4,124.085056
-400.0,9,124.1044
-260.0,2,124.113677
-260.0,2,125.074519
-260.0,2,125.077612
-380.0,8,125.08374
-260.0,2,125.098002
-280.0,3,125.10657
-260.0,2,125.110778
-280.0,3,125.117626
-260.0,2,125.120553
-320.0,5,125.133086
-260.0,2,125.133086
-280.0,3,126.016989
-280.0,3,126.020514
-340.0,6,126.052746
-260.0,2,126.05535
-320.0,5,126.068951
-260.0,2,126.073421
-260.0,2,126.088291
-260.0,2,126.090536
-260.0,2,126.097579
-260.0,2,126.100033
-260.0,2,127.33524
-260.0,2,127.337321
-260.0,2,127.34138
-260.0,2,127.34374
-300.0,4,127.358178
-260.0,2,127.363782
-260.0,2,127.366694
-280.0,3,127.37283
-260.0,2,127.380587
-300.0,4,127.389942
-320.0,5,128.252425
-360.0,7,128.260758
-280.0,3,128.272263
-300.0,4,128.278734
-260.0,2,128.284879
-300.0,4,128.291871
-380.0,8,128.306992
-260.0,2,128.306992
-280.0,3,128.317946
-300.0,4,128.324915
-260.0,2,129.143972
-260.0,2,129.15424
-300.0,4,129.162185
-260.0,2,129.164948
-260.0,2,129.176158
-260.0,2,129.180197
-260.0,2,129.185321
-340.0,6,129.194172
-260.0,2,129.208397
-260.0,2,129.209939
-260.0,2,130.27933
-260.0,2,130.284793
-300.0,4,130.29801
-300.0,4,130.304882
-260.0,2,130.310185
-320.0,5,130.318366
-260.0,2,130.326978
-360.0,7,130.33839
-300.0,4,130.346764
-260.0,2,130.353909
-260.0,2,131.206254
-260.0,2,131.211711
-260.0,2,131.214712
-260.0,2,131.219709
-300.0,4,131.231132
-260.0,2,131.232304
-260.0,2,131.238698
-340.0,6,131.244329
-260.0,2,131.252387
-300.0,4,131.26238
-280.0,3,132.154815
-280.0,3,132.159029
-360.0,7,132.175497
-260.0,2,132.185325
-320.0,5,132.194956
-260.0,2,132.196987
-340.0,6,132.219058
-320.0,5,132.226416
-320.0,5,132.237362
-300.0,4,132.247083
-280.0,3,133.270214
-260.0,2,133.274289
-720.0,25,133.313643
-380.0,8,133.315894
-400.0,9,133.345049
-260.0,2,133.349624
-260.0,2,133.353111
-260.0,2,133.35903
-280.0,3,133.369526
-260.0,2,133.373361
-260.0,2,134.250788
-260.0,2,134.256619
-280.0,3,134.271593
-260.0,2,134.273731
-300.0,4,134.284935
-300.0,4,134.29502
-320.0,5,134.314155
-260.0,2,134.321627
-260.0,2,134.324337
-300.0,4,134.341455
-300.0,4,135.17713
-320.0,5,135.18749
-340.0,6,135.19348
-360.0,7,135.204969
-340.0,6,135.222126
-260.0,2,135.225449
-260.0,2,135.227621
-260.0,2,135.231251
-260.0,2,135.239282
-300.0,4,135.249269
-260.0,2,136.401765
-260.0,2,136.402768
-260.0,2,136.414382
-280.0,3,136.421039
-260.0,2,136.422034
-260.0,2,136.424381
-260.0,2,136.436851
-340.0,6,136.447998
-300.0,4,136.456965
-320.0,5,136.466454
-260.0,2,137.377047
-280.0,3,137.38471
-260.0,2,137.391467
-280.0,3,137.394402
-400.0,9,137.422116
-400.0,9,137.439251
-260.0,2,137.441612
-320.0,5,137.456954
-260.0,2,137.46371
-460.0,12,137.490462
-320.0,5,138.368819
-260.0,2,138.374239
-260.0,2,138.381621
-260.0,2,138.387618
-260.0,2,138.389212
-300.0,4,138.396865
-280.0,3,138.408492
-280.0,3,138.413477
-280.0,3,138.421419
-280.0,3,138.424183
-260.0,2,139.323914
-260.0,2,139.326657
-260.0,2,139.333913
-340.0,6,139.338398
-260.0,2,139.350502
-280.0,3,139.363665
-360.0,7,139.37463
-260.0,2,139.380481
-300.0,4,139.394271
-260.0,2,139.396358
-300.0,4,140.432225
-300.0,4,140.439098
-420.0,10,140.469438
-260.0,2,140.471154
-260.0,2,140.474409
-320.0,5,140.486548
-280.0,3,140.499017
-280.0,3,140.507257
-260.0,2,140.50858
-300.0,4,140.51915
-260.0,2,141.401164
-360.0,7,141.407638
-260.0,2,141.414787
-260.0,2,141.416847
-260.0,2,141.428396
-340.0,6,141.436254
-380.0,8,141.452734
-260.0,2,141.457345
-300.0,4,141.47202
-320.0,5,141.479633
-400.0,9,142.347043
-520.0,15,142.375293
-260.0,2,142.387674
-460.0,12,142.405894
-260.0,2,142.408584
-420.0,10,142.4234
-280.0,3,142.436112
-260.0,2,142.441735
-440.0,11,142.458638
-260.0,2,142.461036
-260.0,2,143.43524
-260.0,2,143.438226
-300.0,4,143.445299
-320.0,5,143.454493
-280.0,3,143.471716
-320.0,5,143.476784
-260.0,2,143.487431
-300.0,4,143.494038
-380.0,8,143.515562
-260.0,2,143.518722
-280.0,3,144.550151
-300.0,4,144.556156
-320.0,5,144.571851
-260.0,2,144.574083
-460.0,12,144.601316
-260.0,2,144.602363
-260.0,2,144.617486
-260.0,2,144.619894
-300.0,4,144.627587
-260.0,2,144.635269
-320.0,5,145.836478
-320.0,5,145.842488
-260.0,2,145.848016
-280.0,3,145.855821
-260.0,2,145.861012
-260.0,2,145.868979
-580.0,18,145.897734
-260.0,2,145.905353
-380.0,8,145.927024
-260.0,2,145.928966
-260.0,2,147.063782
-360.0,7,147.088536
-440.0,11,147.142807
-260.0,2,147.157053
-280.0,3,147.158889
-260.0,2,147.172074
-400.0,9,147.20686
-360.0,7,147.230577
-280.0,3,147.242861
-300.0,4,147.257692
-260.0,2,148.536792
-280.0,3,148.543894
-260.0,2,148.547449
-260.0,2,148.554498
-260.0,2,148.560904
-400.0,9,148.586346
-300.0,4,148.588839
-260.0,2,148.595279
-260.0,2,148.607279
-300.0,4,148.615818
-260.0,2,149.478701
-260.0,2,149.481683
-320.0,5,149.499614
-260.0,2,149.501616
-340.0,6,149.512516
-260.0,2,149.513778
-280.0,3,149.526018
-260.0,2,149.52976
-260.0,2,149.532263
-420.0,10,149.551673
-380.0,8,150.352218
-460.0,12,150.371454
-780.0,28,150.411042
-300.0,4,150.415931
-340.0,6,150.430559
-280.0,3,150.435647
-380.0,8,150.448147
-260.0,2,150.450155
-340.0,6,150.467629
-260.0,2,150.469999
-260.0,2,151.333177
-560.0,17,151.363755
-300.0,4,151.377471
-340.0,6,151.391159
-260.0,2,151.392705
-260.0,2,151.399222
-260.0,2,151.406492
-340.0,6,151.416827
-260.0,2,151.41883
-340.0,6,151.431505
-540.0,16,152.454878
-300.0,4,152.458975
-260.0,2,152.463652
-340.0,6,152.47062
-260.0,2,152.484948
-320.0,5,152.496515
-280.0,3,152.50481
-340.0,6,152.516916
-400.0,9,152.541485
-360.0,7,152.555888
-320.0,5,153.440082
-400.0,9,153.45703
-280.0,3,153.468057
-280.0,3,153.474372
-300.0,4,153.480175
-280.0,3,153.482576
-320.0,5,153.501782
-260.0,2,153.501782
-320.0,5,153.511613
-260.0,2,153.519231
-280.0,3,154.532612
-380.0,8,154.542884
-400.0,9,154.557205
-280.0,3,154.558505
-480.0,13,154.585593
-300.0,4,154.591875
-280.0,3,154.596903
-400.0,9,154.611906
-260.0,2,154.620151
-280.0,3,154.627534
-260.0,2,155.68138
-320.0,5,155.688241
-400.0,9,155.705988
-260.0,2,155.711332
-320.0,5,155.719436
-380.0,8,155.734414
-280.0,3,155.746861
-260.0,2,155.74888
-260.0,2,155.754803
-280.0,3,155.757891
-380.0,8,156.804197
-860.0,32,156.871386
-260.0,2,156.871386
-260.0,2,156.880502
-460.0,12,156.911217
-260.0,2,156.91796
-580.0,18,156.954355
-320.0,5,156.968035
-260.0,2,156.97701
-300.0,4,156.986702
-560.0,17,157.982224
-260.0,2,157.987616
-260.0,2,157.993373
-260.0,2,158.000228
-540.0,16,158.024716
-260.0,2,158.026765
-500.0,14,158.060685
-260.0,2,158.061981
-420.0,10,158.081813
-360.0,7,158.094333
-360.0,7,158.988284
-360.0,7,159.001853
-260.0,2,159.006009
-460.0,12,159.02828
-280.0,3,159.035608
-360.0,7,159.050256
-260.0,2,159.05612
-260.0,2,159.058443
-260.0,2,159.070464
-360.0,7,159.077247
-260.0,2,159.958946
-420.0,10,159.980583
-340.0,6,160.000231
-360.0,7,160.01491
-280.0,3,160.01792
-340.0,6,160.030077
-600.0,19,160.071864
-480.0,13,160.103437
-260.0,2,160.105436
-260.0,2,160.107501
-700.0,24,161.071048
-280.0,3,161.077076
-280.0,3,161.079757
-320.0,5,161.090852
-500.0,14,161.120589
-500.0,14,161.148248
-300.0,4,161.156091
-320.0,5,161.162225
-480.0,13,161.190302
-320.0,5,161.203008
-260.0,2,162.070633
-260.0,2,162.077109
-260.0,2,162.089721
-280.0,3,162.096422
-320.0,5,162.106028
-500.0,14,162.131159
-440.0,11,162.155344
-460.0,12,162.179737
-460.0,12,162.198949
-720.0,25,162.24149
-1000.0,39,163.131874
-1180.0,48,163.198358
-420.0,10,163.218314
-880.0,33,163.26899
-960.0,37,163.334191
-1060.0,42,163.407689
-260.0,2,163.412839
-420.0,10,163.429795
-680.0,23,163.470841
-920.0,35,163.532812
-2660.0,122,164.760676
-320.0,5,164.776217
-540.0,16,164.811609
-380.0,8,164.827618
-300.0,4,164.834834
-400.0,9,164.851781
-2780.0,128,165.066722
-340.0,6,165.084324
-620.0,20,165.124218
-400.0,9,165.140407
-780.0,28,166.056233
-1280.0,53,166.138238
-480.0,13,166.158449
-460.0,12,166.175575
-580.0,18,166.263013
-300.0,4,166.279676
-440.0,11,166.306171
-760.0,27,166.359269
-1100.0,44,166.437394
-960.0,37,166.503505
-580.0,18,167.741635
-320.0,5,167.750386
-620.0,20,167.788476
-600.0,19,167.822803
-260.0,2,167.822803
-2020.0,90,167.965676
-480.0,13,168.000169
-380.0,8,168.016961
-360.0,7,168.03099
-1460.0,62,168.138539
-320.0,5,169.111544
-1260.0,52,169.19526
-280.0,3,169.202221
-400.0,9,169.216965
-1200.0,49,169.295864
-1080.0,43,169.351592
-720.0,25,169.398438
-880.0,33,169.454516
-420.0,10,169.480694
-540.0,16,169.514475
-340.0,6,170.449303
-440.0,11,170.470141
-340.0,6,170.489209
-580.0,18,170.526155
-460.0,12,170.550355
-360.0,7,170.560371
-540.0,16,170.59839
-1360.0,57,170.698883
-1300.0,54,170.811896
-260.0,2,170.814231
-560.0,17,171.713064
-320.0,5,171.724477
-2280.0,103,171.899128
-680.0,23,171.936124
-260.0,2,171.951842
-500.0,14,171.969432
-360.0,7,171.98739
-1300.0,54,172.075962
-380.0,8,172.100616
-860.0,32,172.16285
-540.0,16,173.257012
-260.0,2,173.263215
-400.0,9,173.283735
-1100.0,44,173.354424
-440.0,11,173.374711
-620.0,20,173.407743
-660.0,22,173.454179
-560.0,17,173.484556
-680.0,23,173.523841
-1360.0,57,173.627907
-500.0,14,174.614516
-440.0,11,174.628855
-680.0,23,174.665572
-1020.0,40,174.725821
-460.0,12,174.755361
-380.0,8,174.771468
-680.0,23,174.802069
-400.0,9,174.817461
-380.0,8,174.835806
-420.0,10,174.852978
-500.0,14,175.725798
-520.0,15,175.744519
-840.0,31,175.802928
-1180.0,48,175.956043
-1120.0,45,176.023655
-340.0,6,176.037873
-500.0,14,176.067041
-820.0,30,176.125062
-420.0,10,176.141366
-320.0,5,176.151989
-440.0,11,177.102152
-2020.0,90,177.232071
-260.0,2,177.232071
-3180.0,148,177.464806
-1020.0,40,177.551837
-1280.0,53,177.651322
-360.0,7,177.659333
-1560.0,67,177.776927
-480.0,13,177.804937
-580.0,18,177.854368
-520.0,15,178.77579
-460.0,12,178.793207
-260.0,2,178.800122
-640.0,21,178.828001
-440.0,11,178.852192
-420.0,10,178.868543
-680.0,23,178.906593
-300.0,4,178.913251
-660.0,22,178.949031
-480.0,13,178.967308
-300.0,4,180.068156
-720.0,25,180.10635
-1240.0,51,180.184396
-440.0,11,180.201025
-540.0,16,180.233512
-1060.0,42,180.300965
-800.0,29,180.354481
-780.0,28,180.404559
-820.0,30,180.464127
-540.0,16,180.496033
-520.0,15,181.572404
-1460.0,62,181.669804
-940.0,36,181.733521
-340.0,6,181.75055
-540.0,16,181.78824
-700.0,24,181.835874
-1560.0,67,181.967489
-400.0,9,181.980004
-1060.0,42,182.059223
-480.0,13,182.089164
-860.0,32,183.03284
-340.0,6,183.03284
-460.0,12,183.061847
-820.0,30,183.108428
-400.0,9,183.12499
-840.0,31,183.166553
-340.0,6,183.185284
-2220.0,100,183.347422
-1460.0,62,183.451351
-800.0,29,183.499194
-500.0,14,184.501364
-660.0,22,184.543457
-820.0,30,184.597707
-280.0,3,184.606849
-460.0,12,184.625705
-360.0,7,184.639836
-360.0,7,184.658717
-260.0,2,184.659965
-1160.0,47,184.737907
-500.0,14,184.759631
-380.0,8,185.608671
-600.0,19,185.64004
-280.0,3,185.64531
-1000.0,39,185.706827
-380.0,8,185.729359
-680.0,23,185.774797
-440.0,11,185.798908
-2100.0,94,186.222604
-540.0,16,186.268222
-340.0,6,186.284757
-1220.0,50,188.136004
-260.0,2,188.146907
-400.0,9,188.174644
-940.0,36,188.249172
-660.0,22,188.30019
-1040.0,41,188.382844
-300.0,4,188.397556
-1040.0,41,188.466002
-1120.0,45,188.562856
-260.0,2,188.565199
-660.0,22,189.448012
-1240.0,51,189.520997
-300.0,4,189.531101
-400.0,9,189.5495
-540.0,16,189.595154
-520.0,15,189.622236
-260.0,2,189.628693
-580.0,18,189.665856
-600.0,19,189.71542
-320.0,5,189.725835
-300.0,4,190.698446
-500.0,14,190.722818
-1000.0,39,190.794511
-360.0,7,190.803726
-1060.0,42,190.88466
-280.0,3,190.890527
-900.0,34,190.952206
-280.0,3,190.958204
-380.0,8,190.973522
-360.0,7,190.986242
-460.0,12,191.869752
-980.0,38,191.933065
-440.0,11,191.949041
-440.0,11,191.966293
-440.0,11,191.986524
-580.0,18,192.014234
-580.0,18,192.041471
-280.0,3,192.04641
-1660.0,72,192.164087
-480.0,13,192.181947
-540.0,16,193.254815
-640.0,21,193.286058
-380.0,8,193.304898
-2680.0,123,193.479558
-420.0,10,193.499634
-400.0,9,193.515054
-980.0,38,193.588876
-3620.0,170,193.949397
-520.0,15,193.988975
-1400.0,59,194.108773
-280.0,3,195.225199
-360.0,7,195.238611
-340.0,6,195.254301
-340.0,6,195.259439
-740.0,26,195.314888
-880.0,33,195.376133
-440.0,11,195.39479
-260.0,2,195.398302
-500.0,14,195.432016
-360.0,7,195.440001
-340.0,6,196.339577
-900.0,34,196.398834
-260.0,2,196.408127
-880.0,33,196.451416
-340.0,6,196.471046
-260.0,2,196.472168
-260.0,2,196.484074
-260.0,2,196.486071
-420.0,10,196.506394
-260.0,2,196.508914
-260.0,2,197.591118
-260.0,2,197.594162
-260.0,2,197.60142
-260.0,2,197.604452
-260.0,2,197.615861
-260.0,2,197.618559
-260.0,2,197.627556
-260.0,2,197.630207
-260.0,2,197.64466
-260.0,2,197.646569
-260.0,2,198.648771
-260.0,2,198.650543
-260.0,2,198.661083
-260.0,2,198.66308
-260.0,2,198.66874
-260.0,2,198.672127
-260.0,2,198.682882
-260.0,2,198.686051
-260.0,2,198.693687
-260.0,2,198.695303
-260.0,2,199.561123
-260.0,2,199.568347
-260.0,2,199.573589
-260.0,2,199.575597
-260.0,2,199.586352
-260.0,2,199.589101
-260.0,2,199.593448
-260.0,2,199.595277
-260.0,2,199.605915
-260.0,2,199.608198
-260.0,2,200.530123
-260.0,2,200.534645
-260.0,2,200.54598
-260.0,2,200.548979
-260.0,2,200.551798
-260.0,2,200.557397
-260.0,2,200.570975
-260.0,2,200.574746
-260.0,2,200.577446
-260.0,2,200.583036
-260.0,2,201.456568
-260.0,2,201.457489
-440.0,11,201.478905
-1100.0,44,201.552814
-420.0,10,201.581027
-1040.0,41,201.650033
-380.0,8,201.674058
-440.0,11,201.691574
-420.0,10,201.724623
-1420.0,60,201.835583
-280.0,3,202.755188
-1580.0,68,202.869466
-580.0,18,202.900905
-280.0,3,202.907606
-520.0,15,202.93592
-400.0,9,202.948737
-280.0,3,202.961882
-360.0,7,202.972672
-460.0,12,202.987027
-400.0,9,203.014429
-900.0,34,204.149733
-660.0,22,204.186809
-700.0,24,204.250824
-1180.0,48,204.384552
-360.0,7,204.401922
-520.0,15,204.431067
-280.0,3,204.444453
-1240.0,51,204.545956
-1500.0,64,204.659345
-300.0,4,204.667195
-1120.0,45,205.834329
-340.0,6,205.841046
-940.0,36,205.917947
-620.0,20,205.962923
-880.0,33,206.022643
-520.0,15,206.053225
-400.0,9,206.079383
-340.0,6,206.091131
-500.0,14,206.128063
-660.0,22,206.173514
-740.0,26,207.235678
-580.0,18,207.26668
-420.0,10,207.286921
-300.0,4,207.294453
-460.0,12,207.326509
-500.0,14,207.350935
-300.0,4,207.356028
-480.0,13,207.378243
-300.0,4,207.394413
-720.0,25,207.443627
-640.0,21,208.443877
-260.0,2,208.445972
-420.0,10,208.471913
-340.0,6,208.47591
-1920.0,85,208.644958
-260.0,2,208.646219
-440.0,11,208.672134
-400.0,9,208.687327
-460.0,12,208.703442
-260.0,2,208.71561
-400.0,9,209.608386
-500.0,14,209.619412
-1820.0,80,209.740486
-400.0,9,209.757819
-740.0,26,209.80392
-300.0,4,209.810295
-1400.0,59,209.908388
-380.0,8,209.922835
-900.0,34,209.987241
-260.0,2,209.991333
-500.0,14,210.884196
-1440.0,61,210.981658
-1340.0,56,211.082469
-1200.0,49,211.167152
-400.0,9,211.185021
-340.0,6,211.197801
-560.0,17,211.23757
-640.0,21,211.275374
-260.0,2,211.285304
-360.0,7,211.297315
-1740.0,76,212.332182
-260.0,2,212.337711
-840.0,31,212.385957
-680.0,23,212.423443
-300.0,4,212.438532
-920.0,35,212.502329
-1040.0,41,212.55651
-680.0,23,212.601231
-420.0,10,212.627844
-400.0,9,212.644944
-1380.0,58,213.598585
-360.0,7,213.611663
-640.0,21,213.648833
-660.0,22,213.686769
-300.0,4,213.69454
-480.0,13,213.715525
-560.0,17,213.747853
-260.0,2,213.753939
-1580.0,68,213.885782
-580.0,18,213.926107
-480.0,13,215.357493
-340.0,6,215.365902
-500.0,14,215.392088
-1260.0,52,215.486626
-420.0,10,215.509571
-820.0,30,215.58291
-920.0,35,215.651787
-540.0,16,215.689524
-520.0,15,215.734241
-1800.0,79,215.899021
-300.0,4,216.871247
-300.0,4,216.879937
-1000.0,39,216.949423
-300.0,4,216.949423
-440.0,11,216.977264
-340.0,6,216.990138
-260.0,2,217.001882
-420.0,10,217.041986
-280.0,3,217.051017
-640.0,21,217.089354
-1160.0,47,218.123167
-420.0,10,218.138398
-840.0,31,218.188131
-860.0,32,218.242403
-2340.0,106,218.408092
-580.0,18,218.43977
-480.0,13,218.469784
-340.0,6,218.484115
-1580.0,68,218.599305
-640.0,21,218.648062
-2020.0,90,219.625439
-320.0,5,219.636398
-1260.0,52,219.714604
-600.0,19,219.743443
-820.0,30,219.792286
-800.0,29,219.836382
-460.0,12,219.869773
-480.0,13,219.892694
-920.0,35,219.949998
-360.0,7,219.964573
-460.0,12,220.783575
-600.0,19,220.810118
-1180.0,48,220.879937
-360.0,7,220.888065
-820.0,30,220.935768
-1400.0,59,221.044784
-1260.0,52,221.131573
-660.0,22,221.162355
-360.0,7,221.181241
-360.0,7,221.194217
-620.0,20,222.028563
-300.0,4,222.0402
-340.0,6,222.053813
-460.0,12,222.070151
-260.0,2,222.077564
-520.0,15,222.100173
-260.0,2,222.112697
-840.0,31,222.186589
-460.0,12,222.211987
-820.0,30,222.264917
-840.0,31,223.268494
-1420.0,60,223.368171
-560.0,17,223.392133
-720.0,25,223.433317
-560.0,17,223.472747
-820.0,30,223.520533
-1000.0,39,223.593027
-260.0,2,223.593027
-260.0,2,223.607566
-320.0,5,223.614681
-360.0,7,224.553298
-380.0,8,224.570044
-280.0,3,224.585973
-680.0,23,224.6227
-440.0,11,224.636349
-280.0,3,224.649026
-420.0,10,224.669294
-540.0,16,224.697937
-280.0,3,224.704226
-500.0,14,224.729954
-1820.0,80,225.614738
-460.0,12,225.643491
-260.0,2,225.64649
-540.0,16,225.675339
-660.0,22,225.718296
-380.0,8,225.734288
-680.0,23,225.773949
-280.0,3,225.777803
-360.0,7,225.797966
-1040.0,41,225.867843
-280.0,3,226.715689
-920.0,35,226.766777
-560.0,17,226.797959
-260.0,2,226.800725
-560.0,17,226.832368
-260.0,2,226.83489
-660.0,22,226.956142
-260.0,2,226.956142
-280.0,3,226.967839
-440.0,11,226.990364
-260.0,2,228.083853
-320.0,5,228.094081
-2300.0,104,228.250341
-260.0,2,228.255463
-340.0,6,228.269947
-700.0,24,228.30887
-380.0,8,228.32482
-260.0,2,228.330355
-1080.0,43,228.409798
-1300.0,54,228.495002
-860.0,32,229.324713
-720.0,25,229.361907
-480.0,13,229.393876
-420.0,10,229.407496
-360.0,7,229.418658
-260.0,2,229.422071
-380.0,8,229.44093
-3020.0,140,229.681064
-340.0,6,229.692696
-1120.0,45,229.777785
-280.0,3,230.641216
-2160.0,97,230.77576
-1440.0,61,230.868965
-720.0,25,230.909927
-280.0,3,230.920993
-560.0,17,230.955575
-260.0,2,230.957758
-560.0,17,230.987387
-1180.0,48,231.084394
-600.0,19,231.123687
-260.0,2,232.159448
-420.0,10,232.176358
-1220.0,50,232.279731
-280.0,3,232.283068
-340.0,6,232.295274
-300.0,4,232.300225
-480.0,13,232.335467
-380.0,8,232.35007
-360.0,7,232.362069
-1260.0,52,232.454681
-260.0,2,233.284786
-600.0,19,233.319952
-1140.0,46,233.389686
-360.0,7,233.390195
-380.0,8,233.412056
-1680.0,73,233.516947
-2420.0,110,233.662814
-560.0,17,233.686121
-560.0,17,233.72291
-700.0,24,233.756063
-660.0,22,234.718132
-260.0,2,234.725822
-400.0,9,234.744507
-880.0,33,234.790747
-880.0,33,234.845318
-560.0,17,234.86641
-340.0,6,234.888743
-440.0,11,234.910223
-600.0,19,234.945683
-860.0,32,235.00202
-960.0,37,235.90206
-260.0,2,235.903899
-680.0,23,235.942387
-660.0,22,235.976158
-400.0,9,235.995775
-400.0,9,236.012345
-3260.0,152,236.254886
-1080.0,43,236.323405
-940.0,36,236.408844
-320.0,5,236.417716
-560.0,17,237.432162
-300.0,4,237.443977
-640.0,21,237.539756
-280.0,3,237.542763
-840.0,31,237.600126
-860.0,32,237.662857
-360.0,7,237.682432
-720.0,25,237.727395
-300.0,4,237.735196
-580.0,18,237.76685
-1820.0,80,238.698053
-340.0,6,238.715243
-400.0,9,238.728247
-260.0,2,238.73539
-900.0,34,238.788325
-720.0,25,238.829206
-1220.0,50,238.900538
-620.0,20,238.934252
-740.0,26,238.980528
-1840.0,81,239.108457
-420.0,10,239.902305
-2000.0,89,240.030309
-960.0,37,240.110814
-440.0,11,240.132658
-1040.0,41,240.220502
-440.0,11,240.242342
-520.0,15,240.274095
-2360.0,107,240.480815
-700.0,24,240.555849
-1760.0,77,240.734829
-280.0,3,241.889329
-800.0,29,241.931332
-1100.0,44,241.995847
-440.0,11,242.018067
-800.0,29,242.073634
-1440.0,61,242.178307
-1120.0,45,242.251781
-1080.0,43,242.319794
-300.0,4,242.331603
-940.0,36,242.387922
-500.0,14,243.190648
-580.0,18,243.225938
-1160.0,47,243.304244
-260.0,2,243.309813
-260.0,2,243.311501
-620.0,20,243.341308
-1560.0,67,243.455756
-1040.0,41,243.531511
-760.0,27,243.583338
-1320.0,55,243.677894
-920.0,35,244.684318
-480.0,13,244.709788
-400.0,9,244.724373
-340.0,6,244.738054
-420.0,10,244.755255
-400.0,9,244.776735
-580.0,18,244.808761
-480.0,13,244.829656
-380.0,8,244.851237
-460.0,12,244.873111
-260.0,2,245.682822
-420.0,10,245.702884
-480.0,13,245.721398
-520.0,15,245.742501
-1360.0,57,245.830731
-1780.0,78,245.946646
-1400.0,59,246.086778
-260.0,2,246.0938
-300.0,4,246.107219
-520.0,15,246.156786
-1320.0,55,247.132922
-340.0,6,247.140688
-1660.0,72,247.266651
-820.0,30,247.382656
-740.0,26,247.449891
-980.0,38,247.516834
-780.0,28,247.574814
-1200.0,49,247.668714
-760.0,27,247.72297
-2220.0,100,247.881464
-600.0,19,248.783085
-280.0,3,248.789524
-820.0,30,248.838016
-320.0,5,248.841758
-320.0,5,248.854959
-1340.0,56,248.940012
-960.0,37,249.007797
-340.0,6,249.023001
-900.0,34,249.094332
-1100.0,44,249.184513
-900.0,34,250.106489
-520.0,15,250.143817
-980.0,38,250.212108
-500.0,14,250.235585
-320.0,5,250.251418
-1020.0,40,250.353834
-780.0,28,250.413557
-2220.0,100,250.623227
-620.0,20,250.694562
-600.0,19,250.735894
-640.0,21,251.69676
-1920.0,85,251.821657
-460.0,12,251.839147
-420.0,10,251.853789
-520.0,15,251.878935
-620.0,20,251.911269
-340.0,6,251.928856
-540.0,16,251.956042
-520.0,15,251.975905
-340.0,6,251.988678
-1120.0,45,252.885039
-1220.0,50,252.967315
-1560.0,67,253.068237
-980.0,38,253.129874
-700.0,24,253.175759
-380.0,8,253.200427
-400.0,9,253.222848
-1000.0,39,253.307386
-1720.0,75,253.471717
-1080.0,43,253.55906
-600.0,19,254.819279
-640.0,21,254.85634
-360.0,7,254.872838
-340.0,6,254.886632
-660.0,22,254.925626
-580.0,18,254.957695
-1020.0,40,255.029361
-1020.0,40,255.091107
-340.0,6,255.103516
-400.0,9,255.120491
-420.0,10,255.952238
-1040.0,41,256.009351
-560.0,17,256.036696
-260.0,2,256.040884
-260.0,2,256.051873
-260.0,2,256.054711
-260.0,2,256.060305
-260.0,2,256.062767
-260.0,2,256.073629
-380.0,8,256.086447
-780.0,28,256.967096
-480.0,13,256.98855
-1640.0,71,257.132424
-460.0,12,257.156292
-620.0,20,257.187864
-260.0,2,257.189933
-260.0,2,257.20471
-260.0,2,257.207793
-260.0,2,257.213917
-260.0,2,257.217802
-260.0,2,258.255983
-380.0,8,258.270871
-260.0,2,258.273466
-260.0,2,258.274674
-260.0,2,258.287211
-260.0,2,258.294822
-260.0,2,258.297355
-260.0,2,258.303957
-260.0,2,258.312265
-260.0,2,258.319019
-260.0,2,259.121928
-260.0,2,259.121928
-260.0,2,259.138678
-260.0,2,259.144908
-260.0,2,259.146913
-260.0,2,259.153137
-260.0,2,259.160131
-260.0,2,259.165449
-260.0,2,259.169012
-260.0,2,259.173644
-260.0,2,259.955167
-400.0,9,259.970101
-320.0,5,259.976662
-260.0,2,259.983085
-260.0,2,259.993413
-260.0,2,259.995632
-260.0,2,260.000171
-260.0,2,260.004487
-440.0,11,260.025748
-680.0,23,260.065005
-880.0,33,260.916572
-2000.0,89,261.047303
-780.0,28,261.094812
-440.0,11,261.115026
-380.0,8,261.12953
-260.0,2,261.131652
-500.0,14,261.158176
-600.0,19,261.198358
-380.0,8,261.211206
-340.0,6,261.221343
-820.0,30,262.07071
-260.0,2,262.071868
-1540.0,66,262.179157
-2280.0,103,262.341891
-400.0,9,262.365379
-280.0,3,262.369585
-260.0,2,262.375286
-260.0,2,262.377767
-260.0,2,262.389768
-260.0,2,262.391766
-260.0,2,263.204135
-260.0,2,263.205204
-460.0,12,263.228752
-500.0,14,263.250436
-260.0,2,263.251462
-260.0,2,263.256506
-260.0,2,263.262745
-260.0,2,263.267784
-260.0,2,263.270626
-260.0,2,263.276091
-260.0,2,264.069852
-260.0,2,264.073752
-260.0,2,264.075751
-260.0,2,264.080537
-260.0,2,264.088509
-880.0,33,264.148388
-380.0,8,264.161986
-420.0,10,264.175355
-480.0,13,264.205029
-260.0,2,264.209569
-260.0,2,265.341415
-260.0,2,265.341415
-260.0,2,265.354882
-260.0,2,265.359478
-260.0,2,265.362055
-380.0,8,265.379411
-400.0,9,265.398389
-260.0,2,265.400938
-260.0,2,265.406441
-260.0,2,265.408157
-260.0,2,266.357017
-260.0,2,266.359161
-1840.0,81,266.529686
-380.0,8,266.546197
-620.0,20,266.59244
-260.0,2,266.604538
-260.0,2,266.60619
-1120.0,45,266.684661
-380.0,8,266.705253
-1340.0,56,266.80432
-260.0,2,267.726822
-260.0,2,267.730342
-260.0,2,267.73911
-1380.0,58,267.819105
-920.0,35,267.87001
-400.0,9,267.887318
-260.0,2,267.895199
-260.0,2,267.900873
-260.0,2,267.90587
-260.0,2,267.911885
-260.0,2,268.740297
-260.0,2,268.748455
-260.0,2,268.7512
-260.0,2,268.756935
-260.0,2,268.764959
-480.0,13,268.783488
-320.0,5,268.795856
-260.0,2,268.798433
-260.0,2,268.807711
-260.0,2,268.809625
-260.0,2,269.607737
-260.0,2,269.610299
-260.0,2,269.623516
-260.0,2,269.625627
-260.0,2,269.633189
-260.0,2,269.636747
-260.0,2,269.648173
-260.0,2,269.649727
-260.0,2,269.655345
-260.0,2,269.658745
-260.0,2,270.553878
-260.0,2,270.555881
-260.0,2,270.560916
-260.0,2,270.563031
-260.0,2,270.577477
-260.0,2,270.578671
-380.0,8,270.5935
-500.0,14,270.621721
-260.0,2,270.628994
-880.0,33,270.739641
-260.0,2,271.599695
-260.0,2,271.600203
-260.0,2,271.611916
-260.0,2,271.613916
-260.0,2,271.620172
-260.0,2,271.622656
-260.0,2,271.6328
-260.0,2,271.635714
-420.0,10,271.654527
-260.0,2,271.656634
-300.0,4,272.501984
-720.0,25,272.540589
-320.0,5,272.553012
-820.0,30,272.595909
-320.0,5,272.612469
-260.0,2,272.613966
-260.0,2,272.619753
-260.0,2,272.622294
-540.0,16,272.650061
-340.0,6,272.669475
-260.0,2,273.431046
-260.0,2,273.436811
-260.0,2,273.443749
-260.0,2,273.449281
-260.0,2,273.452035
-280.0,3,273.457071
-260.0,2,273.463533
-520.0,15,273.484263
-540.0,16,273.506519
-500.0,14,273.53669
-740.0,26,274.511218
-700.0,24,274.556785
-920.0,35,274.618448
-340.0,6,274.636282
-1060.0,42,274.717736
-1640.0,71,274.853046
-260.0,2,274.856048
-260.0,2,274.861481
-260.0,2,274.870995
-460.0,12,274.892414
-1140.0,46,276.058955
-260.0,2,276.059985
-400.0,9,276.080087
-260.0,2,276.085383
-280.0,3,276.092003
-260.0,2,276.094
-260.0,2,276.106964
-260.0,2,276.110568
-420.0,10,276.137967
-260.0,2,276.139966
-260.0,2,277.010937
-260.0,2,277.012938
-420.0,10,277.031859
-260.0,2,277.035757
-980.0,38,277.120886
-1380.0,58,277.210946
-1060.0,42,277.273056
-280.0,3,277.273056
-380.0,8,277.299824
-880.0,33,277.360427
-420.0,10,278.204214
-680.0,23,278.239517
-360.0,7,278.267877
-500.0,14,278.289244
-320.0,5,278.298538
-440.0,11,278.324809
-340.0,6,278.344081
-360.0,7,278.358968
-900.0,34,278.43297
-440.0,11,278.453182
-1100.0,44,279.401808
-620.0,20,279.426297
-260.0,2,279.428262
-260.0,2,279.434544
-260.0,2,279.441545
-360.0,7,279.456
-560.0,17,279.486347
-460.0,12,279.50629
-340.0,6,279.52187
-260.0,2,279.52831
-260.0,2,280.359578
-260.0,2,280.366406
-260.0,2,280.37599
-500.0,14,280.395139
-460.0,12,280.415237
-320.0,5,280.423615
-260.0,2,280.435126
-260.0,2,280.437129
-360.0,7,280.449178
-280.0,3,280.450971
-520.0,15,281.22111
-520.0,15,281.239428
-340.0,6,281.248576
-260.0,2,281.250584
-960.0,37,281.300442
-260.0,2,281.300442
-300.0,4,281.320264
-280.0,3,281.326303
-280.0,3,281.339749
-260.0,2,281.341258
-260.0,2,282.228606
-260.0,2,282.234031
-260.0,2,282.245633
-260.0,2,282.248804
-260.0,2,282.257495
-260.0,2,282.26022
-260.0,2,282.275517
-260.0,2,282.276518
-340.0,6,282.293324
-260.0,2,282.294856
-280.0,3,283.232465
-1460.0,62,283.324332
-720.0,25,283.370995
-260.0,2,283.371996
-260.0,2,283.385787
-260.0,2,283.388712
-320.0,5,283.395808
-1000.0,39,283.461421
-1000.0,39,283.535909
-440.0,11,283.554787
-440.0,11,284.506532
-560.0,17,284.550648
-260.0,2,284.559662
-260.0,2,284.564438
-260.0,2,284.567178
-260.0,2,284.575774
-260.0,2,284.585731
-260.0,2,284.592303
-260.0,2,284.594248
-260.0,2,284.601276
-260.0,2,285.653827
-260.0,2,285.662737
-260.0,2,285.665364
-460.0,12,285.681962
-260.0,2,285.69247
-260.0,2,285.69447
-260.0,2,285.698611
-260.0,2,285.702155
-260.0,2,285.711032
-260.0,2,285.713634
-700.0,24,286.561689
-320.0,5,286.567214
-1600.0,69,286.689299
-380.0,8,286.701505
-820.0,30,286.7618
-780.0,28,286.805615
-500.0,14,286.841873
-260.0,2,286.845698
-260.0,2,286.852841
-260.0,2,286.854537
-420.0,10,287.767757
-260.0,2,287.769901
-260.0,2,287.775569
-260.0,2,287.777614
-260.0,2,287.791131
-260.0,2,287.793082
-260.0,2,287.798676
-260.0,2,287.801591
-1120.0,45,287.884181
-780.0,28,287.91979
-500.0,14,288.772017
-260.0,2,288.773049
-300.0,4,288.786206
-980.0,38,288.853939
-640.0,21,288.886971
-1060.0,42,288.963162
-260.0,2,288.970804
-260.0,2,288.977804
-260.0,2,288.980808
-260.0,2,288.985088
-260.0,2,289.817777
-760.0,27,289.860832
-520.0,15,289.887301
-260.0,2,289.889614
-820.0,30,289.941104
-260.0,2,289.943104
-260.0,2,289.950466
-260.0,2,289.95308
-260.0,2,289.966082
-380.0,8,289.983574
-920.0,35,290.970129
-820.0,30,291.021133
-700.0,24,291.063884
-300.0,4,291.072085
-640.0,21,291.104611
-260.0,2,291.111327
-280.0,3,291.121062
-260.0,2,291.12815
-260.0,2,291.130297
-300.0,4,291.139313
-1280.0,53,292.052643
-480.0,13,292.074912
-300.0,4,292.082589
-360.0,7,292.093404
-980.0,38,292.162843
-420.0,10,292.177849
-300.0,4,292.188245
-260.0,2,292.190244
-260.0,2,292.202588
-260.0,2,292.205161
-580.0,18,293.075283
-260.0,2,293.077159
-260.0,2,293.08911
-260.0,2,293.091058
-260.0,2,293.095018
-260.0,2,293.09814
-900.0,34,293.158755
-260.0,2,293.158755
-540.0,16,293.184726
-700.0,24,293.22174
-380.0,8,294.109655
-840.0,31,294.157502
-280.0,3,294.164608
-440.0,11,294.180295
-260.0,2,294.193039
-260.0,2,294.194238
-640.0,21,294.229481
-260.0,2,294.235065
-1140.0,46,294.349978
-400.0,9,294.375137
-500.0,14,295.28007
-560.0,17,295.30413
-720.0,25,295.346674
-660.0,22,295.380685
-260.0,2,295.390471
-520.0,15,295.424019
-440.0,11,295.437565
-340.0,6,295.459419
-1600.0,69,295.559277
-300.0,4,295.566261
-500.0,14,296.657057
-380.0,8,296.669509
-260.0,2,296.670508
-1420.0,60,296.762437
-400.0,9,296.782244
-380.0,8,296.79625
-320.0,5,296.809812
-260.0,2,296.813037
-260.0,2,296.824674
-260.0,2,296.826723
-260.0,2,297.683776
-260.0,2,297.68592
-260.0,2,297.696513
-260.0,2,297.697634
-340.0,6,297.710452
-420.0,10,297.724345
-320.0,5,297.737649
-280.0,3,297.742226
-260.0,2,297.748741
-780.0,28,297.794662
-1340.0,56,298.87784
-260.0,2,298.879838
-260.0,2,298.884615
-260.0,2,298.887487
-260.0,2,298.89889
-260.0,2,298.900866
-340.0,6,298.912048
-300.0,4,298.921597
-540.0,16,298.955096
-560.0,17,298.979118
-480.0,13,299.844938
-260.0,2,299.85088
-1020.0,40,299.915383
-280.0,3,299.918074
-800.0,29,299.959456
-260.0,2,299.960886
-260.0,2,299.971031
-260.0,2,299.973535
-260.0,2,299.97855
-260.0,2,299.98055
-260.0,2,300.859067
-260.0,2,300.861056
-260.0,2,300.867749
-260.0,2,300.869688
-860.0,32,300.920729
-620.0,20,300.947242
-740.0,26,300.990394
-260.0,2,300.992575
-580.0,18,301.026521
-260.0,2,301.02871
-800.0,29,301.871682
-720.0,25,301.916712
-260.0,2,301.925481
-260.0,2,301.930568
-260.0,2,301.934103
-680.0,23,301.970274
-400.0,9,301.987553
-940.0,36,302.040289
-780.0,28,302.08396
-260.0,2,302.088143
-900.0,34,303.002959
-380.0,8,303.002959
-740.0,26,303.053559
-400.0,9,303.065496
-420.0,10,303.094933
-260.0,2,303.101865
-1100.0,44,303.169623
-720.0,25,303.214228
-360.0,7,303.230303
-1140.0,46,303.304455
-300.0,4,304.13619
-500.0,14,304.160775
-400.0,9,304.183739
-420.0,10,304.20178
-260.0,2,304.203881
-260.0,2,304.211269
-260.0,2,304.219399
-760.0,27,304.265509
-260.0,2,304.268193
-300.0,4,304.282207
-440.0,11,305.30574
-580.0,18,305.333627
-380.0,8,305.342464
-260.0,2,305.347517
-440.0,11,305.367872
-440.0,11,305.390398
-260.0,2,305.391461
-260.0,2,305.397433
-1260.0,52,305.493815
-260.0,2,305.495813
-260.0,2,306.612298
-260.0,2,306.616014
-260.0,2,306.626826
-260.0,2,306.628822
-260.0,2,306.637082
-260.0,2,306.63922
-260.0,2,306.652799
-260.0,2,306.65566
-260.0,2,306.662325
-260.0,2,306.664244
-260.0,2,307.752809
-260.0,2,307.760909
-260.0,2,307.769715
-260.0,2,307.770998
-560.0,17,307.807179
-840.0,31,307.867627
-360.0,7,307.879142
-520.0,15,307.906763
-260.0,2,307.915503
-260.0,2,307.922515
-260.0,2,308.809887
-260.0,2,308.817406
-260.0,2,308.825956
-260.0,2,308.832324
-260.0,2,308.835299
-260.0,2,308.84231
-260.0,2,308.851049
-260.0,2,308.861143
-260.0,2,308.864095
-260.0,2,308.870918
-260.0,2,309.698116
-260.0,2,309.705554
-260.0,2,309.707557
-260.0,2,309.71306
-260.0,2,309.718034
-260.0,2,309.728039
-260.0,2,309.729814
-260.0,2,309.736864
-260.0,2,309.743724
-260.0,2,309.748639
-260.0,2,310.508814
-260.0,2,310.512913
-260.0,2,310.519376
-260.0,2,310.525504
-260.0,2,310.527958
-260.0,2,310.534062
-260.0,2,310.54003
-260.0,2,310.545836
-260.0,2,310.546835
-260.0,2,310.552714
-260.0,2,311.474259
-260.0,2,311.480659
-260.0,2,311.48363
-260.0,2,311.489483
-420.0,10,311.503133
-660.0,22,311.550649
-360.0,7,311.554928
-320.0,5,311.570779
-260.0,2,311.578207
-260.0,2,311.58584
-260.0,2,312.427151
-260.0,2,312.435009
-260.0,2,312.442707
-260.0,2,312.447106
-260.0,2,312.449626
-260.0,2,312.455057
-260.0,2,312.462771
-260.0,2,312.471451
-260.0,2,312.474698
-260.0,2,312.478068
-260.0,2,313.304245
-260.0,2,313.3116
-260.0,2,313.313373
-260.0,2,313.317541
-260.0,2,313.324556
-260.0,2,313.330881
-260.0,2,313.334549
-340.0,6,313.339699
-260.0,2,313.349434
-440.0,11,313.369959
-340.0,6,314.144036
-740.0,26,314.187257
-520.0,15,314.21432
-380.0,8,314.23012
-260.0,2,314.23012
-1260.0,52,314.335572
-300.0,4,314.353594
-380.0,8,314.372401
-280.0,3,314.386862
-440.0,11,314.432281
-260.0,2,315.367573
-260.0,2,315.373242
-380.0,8,315.387072
-260.0,2,315.388441
-260.0,2,315.398368
-260.0,2,315.401502
-420.0,10,315.423065
-260.0,2,315.425181
-260.0,2,315.4431
-260.0,2,315.445305
-280.0,3,316.52025
-1020.0,40,316.583322
-600.0,19,316.612713
-440.0,11,316.627085
-1020.0,40,316.685934
-260.0,2,316.689451
-580.0,18,316.723054
-860.0,32,316.790418
-500.0,14,316.818655
-740.0,26,316.869769
-560.0,17,317.795102
-260.0,2,317.798128
-260.0,2,317.803183
-260.0,2,317.805453
-260.0,2,317.815444
-260.0,2,317.818042
-260.0,2,317.823584
-260.0,2,317.825581
-260.0,2,317.837239
-260.0,2,317.839422
-260.0,2,318.693978
-260.0,2,318.693978
-260.0,2,318.706644
-260.0,2,318.707645
-260.0,2,318.714083
-260.0,2,318.7156
-260.0,2,318.725234
-260.0,2,318.727238
-260.0,2,318.731652
-260.0,2,318.734721
-260.0,2,319.555931
-260.0,2,319.559658
-260.0,2,319.565941
-640.0,21,319.594836
-360.0,7,319.610959
-1100.0,44,319.675881
-260.0,2,319.675881
-260.0,2,319.687667
-260.0,2,319.696704
-260.0,2,319.703533
-260.0,2,320.519164
-260.0,2,320.519164
-260.0,2,320.532089
-260.0,2,320.539574
-260.0,2,320.542136
-260.0,2,320.547499
-260.0,2,320.556545
-400.0,9,320.575006
-1120.0,45,320.661517
-260.0,2,320.663911
-720.0,25,321.627201
-520.0,15,321.652391
-420.0,10,321.672605
-600.0,19,321.703037
-260.0,2,321.714875
-260.0,2,321.716002
-400.0,9,321.735103
-580.0,18,321.756574
-580.0,18,321.801213
-260.0,2,321.804825
-260.0,2,322.682627
-300.0,4,322.688973
-260.0,2,322.696212
-260.0,2,322.702419
-260.0,2,322.704769
-260.0,2,322.708961
-260.0,2,322.715808
-400.0,9,322.729896
-920.0,35,322.784711
-400.0,9,322.802238
-440.0,11,323.613458
-420.0,10,323.621753
-260.0,2,323.630961
-260.0,2,323.637782
-260.0,2,323.644636
-840.0,31,323.692524
-280.0,3,323.703653
-580.0,18,323.729948
-800.0,29,323.77797
-300.0,4,323.783391
-920.0,35,324.79913
-380.0,8,324.813048
-360.0,7,324.835238
-1320.0,55,324.938864
-520.0,15,324.969792
-320.0,5,324.983921
-700.0,24,325.039442
-540.0,16,325.067265
-520.0,15,325.092242
-440.0,11,325.115758
-260.0,2,326.213832
-420.0,10,326.237397
-420.0,10,326.254414
-260.0,2,326.257021
-520.0,15,326.28487
-480.0,13,326.304924
-280.0,3,326.310398
-600.0,19,326.340704
-480.0,13,326.372356
-820.0,30,326.41071
-260.0,2,327.343454
-260.0,2,327.343454
-260.0,2,327.359519
-260.0,2,327.36152
-260.0,2,327.368706
-260.0,2,327.371835
-260.0,2,327.383456
-260.0,2,327.386531
-280.0,3,327.392803
-260.0,2,327.397897
-260.0,2,328.260757
-260.0,2,328.267707
-260.0,2,328.269861
-260.0,2,328.276382
-260.0,2,328.287358
-260.0,2,328.293454
-260.0,2,328.294419
-340.0,6,328.309374
-320.0,5,328.32505
-540.0,16,328.358568
-320.0,5,329.29849
-540.0,16,329.320192
-580.0,18,329.352182
-1260.0,52,329.439912
-260.0,2,329.439912
-260.0,2,329.44656
-260.0,2,329.455236
-260.0,2,329.461333
-260.0,2,329.463395
-260.0,2,329.472857
-260.0,2,330.45126
-300.0,4,330.462101
-260.0,2,330.470247
-260.0,2,330.473258
-260.0,2,330.485555
-260.0,2,330.487871
-260.0,2,330.493696
-260.0,2,330.495753
-260.0,2,330.509732
-260.0,2,330.511961
-260.0,2,331.366703
-260.0,2,331.366703
-260.0,2,331.380083
-260.0,2,331.381084
-440.0,11,331.400156
-560.0,17,331.425717
-520.0,15,331.451656
-440.0,11,331.466842
-260.0,2,331.470774
-260.0,2,331.474997
-260.0,2,332.390587
-260.0,2,332.39577
-260.0,2,332.398462
-260.0,2,332.405533
-260.0,2,332.414638
-260.0,2,332.422615
-260.0,2,332.424915
-260.0,2,332.430771
-980.0,38,332.500576
-500.0,14,332.527913
-460.0,12,333.451733
-460.0,12,333.470574
-260.0,2,333.4778
-260.0,2,333.484686
-260.0,2,333.487232
-260.0,2,333.494085
-260.0,2,333.502479
-260.0,2,333.508318
-260.0,2,333.511541
-260.0,2,333.517394
-260.0,2,334.429513
-340.0,6,334.446142
-260.0,2,334.448999
-380.0,8,334.465673
-740.0,26,334.525259
-420.0,10,334.539812
-340.0,6,334.552549
-260.0,2,334.554674
-260.0,2,334.566733
-260.0,2,334.569473
-260.0,2,335.641647
-260.0,2,335.646752
-260.0,2,335.658138
-260.0,2,335.659656
-360.0,7,335.671459
-320.0,5,335.678419
-840.0,31,335.72531
-380.0,8,335.73935
-1280.0,53,335.816065
-660.0,22,335.84689
-260.0,2,336.807413
-260.0,2,336.813698
-260.0,2,336.816632
-260.0,2,336.82211
-260.0,2,336.83027
-260.0,2,336.838934
-260.0,2,336.839946
-260.0,2,336.845041
-260.0,2,336.855281
-260.0,2,336.861352
-260.0,2,337.797199
-260.0,2,337.801138
-260.0,2,337.8111
-260.0,2,337.817101
-260.0,2,337.819831
-260.0,2,337.824076
-260.0,2,337.832702
-260.0,2,337.841161
-260.0,2,337.843334
-260.0,2,337.84936
-260.0,2,338.697602
-260.0,2,338.703112
-260.0,2,338.704558
-400.0,9,338.716514
-980.0,38,338.780165
-360.0,7,338.791898
-900.0,34,338.84138
-320.0,5,338.84925
-760.0,27,338.897134
-400.0,9,338.908212
-920.0,35,339.767451
-320.0,5,339.785389
-480.0,13,339.81081
-480.0,13,339.830889
-1100.0,44,339.887741
-1220.0,50,339.962371
-640.0,21,340.001966
-260.0,2,340.004527
-260.0,2,340.010073
-260.0,2,340.012549
-400.0,9,340.867184
-260.0,2,340.872677
-260.0,2,340.875783
-420.0,10,340.893502
-320.0,5,340.906458
-260.0,2,340.910144
-260.0,2,340.91291
-260.0,2,340.919994
-320.0,5,340.935222
-300.0,4,340.944112
-320.0,5,341.926294
-560.0,17,341.951204
-780.0,28,342.000453
-280.0,3,342.006707
-580.0,18,342.035205
-540.0,16,342.070539
-400.0,9,342.089315
-680.0,23,342.143974
-320.0,5,342.152778
-600.0,19,342.188302
-260.0,2,343.176859
-260.0,2,343.185523
-260.0,2,343.187884
-420.0,10,343.203709
-260.0,2,343.210881
-320.0,5,343.217453
-840.0,31,343.269054
-340.0,6,343.280081
-1340.0,56,343.362631
-640.0,21,343.397526
-340.0,6,344.232659
-460.0,12,344.25326
-600.0,19,344.287723
-260.0,2,344.293004
-2320.0,105,344.53106
-420.0,10,344.546983
-320.0,5,344.563469
-260.0,2,344.56615
-260.0,2,344.574822
-260.0,2,344.577155
-260.0,2,345.464366
-260.0,2,345.46966
-2040.0,91,345.600439
-600.0,19,345.626828
-260.0,2,345.636035
-420.0,10,345.656654
-260.0,2,345.659568
-260.0,2,345.665133
-260.0,2,345.673852
-780.0,28,345.722116
-680.0,23,346.931049
-520.0,15,346.955899
-1640.0,71,347.091581
-840.0,31,347.151711
-620.0,20,347.210362
-360.0,7,347.228929
-1260.0,52,347.324297
-280.0,3,347.330295
-260.0,2,347.333782
-260.0,2,347.340029
-260.0,2,348.189106
-760.0,27,348.235901
-1280.0,53,348.319634
-380.0,8,348.330601
-1900.0,84,348.456399
-260.0,2,348.465909
-260.0,2,348.470799
-1380.0,58,348.565369
-260.0,2,348.572336
-260.0,2,348.577855
-260.0,2,349.421965
-300.0,4,349.426708
-1320.0,55,349.516044
-520.0,15,349.550905
-260.0,2,349.55392
-260.0,2,349.56033
-260.0,2,349.568774
-380.0,8,349.584694
-420.0,10,349.607803
-260.0,2,349.61104
-260.0,2,350.479784
-260.0,2,350.481782
-260.0,2,350.488043
-260.0,2,350.490074
-900.0,34,350.544745
-380.0,8,350.557392
-620.0,20,350.588068
-260.0,2,350.589451
-260.0,2,350.601245
-260.0,2,350.602867
-260.0,2,351.4247
-260.0,2,351.430053
-740.0,26,351.470931
-260.0,2,351.472927
-260.0,2,351.475817
-260.0,2,351.481389
-260.0,2,351.491621
-260.0,2,351.493619
-260.0,2,351.500624
-260.0,2,351.503105
-260.0,2,352.323634
-260.0,2,352.324636
-260.0,2,352.330636
-300.0,4,352.337594
-560.0,17,352.377362
-400.0,9,352.395971
-320.0,5,352.408262
-400.0,9,352.426851
-260.0,2,352.440536
-260.0,2,352.449431
-260.0,2,353.383689
-260.0,2,353.38473
-260.0,2,353.397398
-260.0,2,353.40485
-260.0,2,353.406302
-260.0,2,353.41239
-260.0,2,353.420557
-260.0,2,353.42739
-260.0,2,353.428499
-260.0,2,353.435957
-260.0,2,354.300692
-260.0,2,354.309877
-260.0,2,354.311924
-260.0,2,354.319716
-260.0,2,354.329443
-260.0,2,354.33711
-260.0,2,354.341235
-260.0,2,354.35068
-260.0,2,354.363079
-260.0,2,354.37353
-260.0,2,355.31871
-260.0,2,355.322372
-260.0,2,355.33346
-260.0,2,355.339703
-260.0,2,355.341944
-260.0,2,355.347768
-260.0,2,355.354545
-260.0,2,355.36099
-260.0,2,355.362984
-260.0,2,355.36793
-260.0,2,356.41338
-260.0,2,356.421037
-260.0,2,356.423041
-260.0,2,356.428599
-260.0,2,356.436907
-260.0,2,356.441847
-260.0,2,356.441847
-260.0,2,356.445764
-260.0,2,356.456455
-260.0,2,356.475593
-260.0,2,357.371675
-260.0,2,357.378627
-260.0,2,357.387012
-260.0,2,357.392125
-260.0,2,357.394829
-260.0,2,357.401701
-260.0,2,357.408715
-260.0,2,357.414711
-260.0,2,357.416201
-260.0,2,357.423121
-260.0,2,358.313421
-260.0,2,358.318078
-260.0,2,358.321082
-660.0,22,358.353598
-260.0,2,358.360894
-260.0,2,358.367162
-640.0,21,358.395919
-400.0,9,358.406176
-280.0,3,358.421588
-540.0,16,358.445129
-1160.0,47,359.340875
-260.0,2,359.351133
-260.0,2,359.362984
-260.0,2,359.364986
-260.0,2,359.372401
-260.0,2,359.373456
-340.0,6,359.390166
-980.0,38,359.435257
-360.0,7,359.457008
-260.0,2,359.458073
-480.0,13,360.307408
-380.0,8,360.322175
-260.0,2,360.323172
-1580.0,68,360.428488
-440.0,11,360.451934
-600.0,19,360.486908
-260.0,2,360.488949
-1700.0,74,360.658803
-260.0,2,360.669497
-260.0,2,360.675749
-260.0,2,361.645237
-260.0,2,361.65059
-260.0,2,361.657396
-260.0,2,361.663729
-260.0,2,361.665246
-260.0,2,361.672923
-260.0,2,361.679946
-260.0,2,361.687692
-260.0,2,361.694347
-260.0,2,361.700501
-260.0,2,362.588152
-260.0,2,362.593969
-260.0,2,362.596624
-260.0,2,362.602181
-260.0,2,362.608004
-260.0,2,362.613834
-260.0,2,362.614832
-260.0,2,362.621188
-260.0,2,362.629058
-260.0,2,362.638323
-260.0,2,363.445344
-260.0,2,363.445344
-260.0,2,363.459365
-960.0,37,363.51268
-640.0,21,363.549574
-260.0,2,363.552102
-260.0,2,363.562451
-260.0,2,363.564447
-260.0,2,363.572186
-260.0,2,363.573621
-260.0,2,364.488301
-260.0,2,364.491109
-260.0,2,364.500193
-260.0,2,364.503633
-260.0,2,364.519368
-260.0,2,364.52325
-260.0,2,364.530238
-260.0,2,364.532882
-260.0,2,364.549688
-260.0,2,364.554996
-260.0,2,365.681599
-260.0,2,365.684332
-260.0,2,365.6951
-260.0,2,365.697101
-260.0,2,365.703243
-260.0,2,365.705255
-260.0,2,365.716248
-260.0,2,365.720707
-500.0,14,365.744949
-260.0,2,365.750014
-260.0,2,366.615217
-260.0,2,366.621122
-260.0,2,366.62648
-880.0,33,366.670841
-680.0,23,366.7162
-260.0,2,366.718229
-260.0,2,366.724229
-260.0,2,366.726674
-260.0,2,366.738572
-260.0,2,366.74075
-340.0,6,367.659014
-1020.0,40,367.720073
-440.0,11,367.736312
-260.0,2,367.743351
-260.0,2,367.745655
-260.0,2,367.750807
-260.0,2,367.758267
-260.0,2,367.762779
-260.0,2,367.76478
-700.0,24,367.799551
-1300.0,54,368.901311
-1120.0,45,368.975774
-300.0,4,368.983434
-380.0,8,368.996554
-320.0,5,369.009443
-260.0,2,369.014451
-260.0,2,369.016596
-420.0,10,369.036466
-520.0,15,369.078154
-520.0,15,369.102164
-740.0,26,370.047194
-540.0,16,370.075795
-360.0,7,370.092436
-460.0,12,370.109806
-620.0,20,370.149573
-260.0,2,370.152217
-260.0,2,370.163261
-260.0,2,370.165679
-260.0,2,370.172424
-520.0,15,370.195925
-720.0,25,371.060106
-560.0,17,371.087169
-940.0,36,371.138667
-780.0,28,371.194041
-840.0,31,371.260446
-260.0,2,371.261762
-260.0,2,371.268473
-260.0,2,371.272486
-260.0,2,371.287207
-260.0,2,371.29061
-1400.0,59,372.295686
-1560.0,67,372.418947
-700.0,24,372.480431
-260.0,2,372.482947
-260.0,2,372.48999
-260.0,2,372.494126
-360.0,7,372.511333
-280.0,3,372.524602
-820.0,30,372.583998
-380.0,8,372.604204
-820.0,30,373.637685
-320.0,5,373.644538
-320.0,5,373.654835
-880.0,33,373.716261
-1320.0,55,373.820598
-320.0,5,373.830597
-260.0,2,373.836843
-1240.0,51,373.943542
-2340.0,106,374.145623
-940.0,36,374.212358
-620.0,20,375.249601
-1340.0,56,375.330879
-420.0,10,375.35321
-260.0,2,375.354465
-540.0,16,375.377767
-760.0,27,375.418508
-500.0,14,375.452622
-260.0,2,375.458388
-520.0,15,375.484958
-260.0,2,375.484958
-520.0,15,376.605212
-280.0,3,376.614975
-380.0,8,376.627506
-340.0,6,376.634509
-840.0,31,376.694136
-500.0,14,376.714481
-860.0,32,376.768403
-280.0,3,376.777042
-340.0,6,376.799759
-580.0,18,376.8382
-500.0,14,377.952762
-260.0,2,377.955313
-360.0,7,377.973301
-280.0,3,377.979871
-260.0,2,377.980944
-260.0,2,377.987376
-260.0,2,377.994546
-260.0,2,378.002795
-260.0,2,378.005827
-260.0,2,378.0124
-260.0,2,378.918022
-260.0,2,378.92308
-260.0,2,378.92508
-1000.0,39,378.975244
-400.0,9,378.997539
-420.0,10,379.012116
-260.0,2,379.013445
-260.0,2,379.02131
-260.0,2,379.028175
-400.0,9,379.040354
-640.0,21,379.883368
-680.0,23,379.91917
-560.0,17,379.954533
-260.0,2,379.957517
-260.0,2,379.9616
-380.0,8,379.975533
-300.0,4,379.988908
-260.0,2,379.991527
-260.0,2,379.998231
-260.0,2,379.999765
-260.0,2,380.967017
-260.0,2,380.969035
-260.0,2,380.974579
-260.0,2,380.977053
-260.0,2,380.987172
-260.0,2,380.989571
-260.0,2,380.995612
-260.0,2,380.998049
-260.0,2,381.010399
-260.0,2,381.012426
-260.0,2,382.031492
-280.0,3,382.035935
-520.0,15,382.071406
-340.0,6,382.086075
-400.0,9,382.106281
-380.0,8,382.125496
-980.0,38,382.202843
-260.0,2,382.207847
-260.0,2,382.210848
-260.0,2,382.217265
-260.0,2,383.1436
-480.0,13,383.164934
-260.0,2,383.166382
-260.0,2,383.171841
-260.0,2,383.179029
-420.0,10,383.198058
-600.0,19,383.223281
-340.0,6,383.2364
-380.0,8,383.258711
-440.0,11,383.277959
-740.0,26,384.269388
-320.0,5,384.275354
-640.0,21,384.321386
-600.0,19,384.368842
-440.0,11,384.409935
-340.0,6,384.435827
-880.0,33,384.564856
-880.0,33,384.644136
-420.0,10,384.668396
-260.0,2,384.673393
-420.0,10,385.704405
-260.0,2,385.711401
-560.0,17,385.741238
-400.0,9,385.752033
-260.0,2,385.766422
-260.0,2,385.772487
-260.0,2,385.773864
-560.0,17,385.805053
-520.0,15,385.8403
-460.0,12,385.862354
-320.0,5,387.030302
-500.0,14,387.062053
-600.0,19,387.10378
-780.0,28,387.153879
-1060.0,42,387.218617
-500.0,14,387.253542
-520.0,15,387.28833
-1000.0,39,387.353633
-340.0,6,387.373264
-1220.0,50,387.456449
-420.0,10,388.437837
-460.0,12,388.458488
-560.0,17,388.48136
-500.0,14,388.49978
-700.0,24,388.53703
-480.0,13,388.567446
-720.0,25,388.605727
-620.0,20,388.639527
-260.0,2,388.643048
-540.0,16,388.673762
-680.0,23,389.626699
-340.0,6,389.640415
-1340.0,56,389.783196
-600.0,19,389.825624
-640.0,21,389.884202
-420.0,10,389.904848
-260.0,2,389.961971
-260.0,2,390.005502
-260.0,2,390.005502
-260.0,2,390.017596
-260.0,2,391.16765
-260.0,2,391.175452
-260.0,2,391.180806
-260.0,2,391.184347
-260.0,2,391.196971
-260.0,2,391.197971
-260.0,2,391.204805
-260.0,2,391.207685
-940.0,36,391.273922
-540.0,16,391.30428
-1920.0,85,392.397495
-260.0,2,392.398637
-380.0,8,392.42073
-320.0,5,392.426656
-260.0,2,392.426656
-260.0,2,392.435144
-260.0,2,392.446245
-260.0,2,392.446245
-260.0,2,392.453395
-260.0,2,392.456073
-1300.0,54,393.389574
-260.0,2,393.389574
-260.0,2,393.393531
-260.0,2,393.399643
-260.0,2,393.410582
-260.0,2,393.412029
-740.0,26,393.444797
-1200.0,49,393.519644
-700.0,24,393.572827
-1380.0,58,393.658431
-800.0,29,394.718544
-260.0,2,394.7191
-260.0,2,394.732236
-260.0,2,394.735414
-1220.0,50,394.825418
-400.0,9,394.837402
-300.0,4,394.851227
-640.0,21,394.886493
-460.0,12,394.908741
-640.0,21,394.945537
-560.0,17,395.854059
-300.0,4,395.858251
-1020.0,40,395.922384
-400.0,9,395.933238
-360.0,7,395.955712
-680.0,23,395.991164
-260.0,2,395.997973
-260.0,2,395.999561
-800.0,29,396.057701
-260.0,2,396.058915
-780.0,28,396.994367
-460.0,12,397.013538
-1220.0,50,397.106905
-840.0,31,397.154682
-1020.0,40,397.222643
-540.0,16,397.25679
-480.0,13,397.290906
-880.0,33,397.347512
-680.0,23,397.390908
-300.0,4,397.397911
-300.0,4,398.65713
-540.0,16,398.677449
-260.0,2,398.684102
-1240.0,51,398.775503
-860.0,32,398.832605
-1780.0,78,398.955681
-900.0,34,399.017422
-360.0,7,399.023569
-260.0,2,399.038319
-260.0,2,399.04599
-460.0,12,399.957997
-280.0,3,399.961431
-580.0,18,399.996863
-580.0,18,400.027067
-320.0,5,400.038181
-260.0,2,400.041865
-280.0,3,400.054491
-1340.0,56,400.156723
-400.0,9,400.173251
-260.0,2,400.178766
-260.0,2,401.072798
-580.0,18,401.100911
-380.0,8,401.110788
-340.0,6,401.12246
-340.0,6,401.138123
-800.0,29,401.244227
-460.0,12,401.258172
-500.0,14,401.278877
-380.0,8,401.298877
-780.0,28,401.353204
-260.0,2,402.291768
-980.0,38,402.372637
-860.0,32,402.436612
-640.0,21,402.494109
-540.0,16,402.535293
-260.0,2,402.537808
-460.0,12,402.572256
-380.0,8,402.590695
-800.0,29,402.65681
-380.0,8,402.673443
-260.0,2,403.674658
-260.0,2,403.676025
-260.0,2,403.682373
-1000.0,39,403.750214
-460.0,12,403.773909
-300.0,4,403.786476
-700.0,24,403.824963
-600.0,19,403.851297
-460.0,12,403.879739
-1080.0,43,403.955355
-660.0,22,405.057757
-300.0,4,405.064844
-380.0,8,405.084288
-300.0,4,405.091387
-1180.0,48,405.166811
-260.0,2,405.169054
-260.0,2,405.179276
-620.0,20,405.212352
-600.0,19,405.239093
-260.0,2,405.240455
-1460.0,62,406.369508
-1040.0,41,406.460954
-260.0,2,406.464297
-260.0,2,406.472818
-260.0,2,406.479358
-260.0,2,406.498052
-260.0,2,406.51275
-920.0,35,406.588141
-1000.0,39,406.685976
-260.0,2,406.688497
-260.0,2,407.735065
-260.0,2,407.735065
-260.0,2,407.755045
-260.0,2,407.75782
-580.0,18,407.793157
-260.0,2,407.794607
-260.0,2,407.808151
-260.0,2,407.810077
-660.0,22,407.853038
-260.0,2,407.855028
-340.0,6,408.780682
-260.0,2,408.781988
-260.0,2,408.789459
-260.0,2,408.791487
-580.0,18,408.824811
-380.0,8,408.843614
-440.0,11,408.857732
-480.0,13,408.881351
-280.0,3,408.890043
-400.0,9,408.909348
-1500.0,64,410.069003
-400.0,9,410.082103
-1760.0,77,410.184171
-400.0,9,410.203649
-1140.0,46,410.284421
-280.0,3,410.290434
-440.0,11,410.31331
-340.0,6,410.328012
-320.0,5,410.336744
-700.0,24,410.378021
-380.0,8,411.359125
-640.0,21,411.401834
-600.0,19,411.445419
-660.0,22,411.491912
-840.0,31,411.560989
-1200.0,49,411.663091
-540.0,16,411.692177
-320.0,5,411.701555
-620.0,20,411.752041
-800.0,29,411.807275
-1560.0,67,412.904405
-360.0,7,412.914388
-340.0,6,412.922854
-260.0,2,412.932866
-960.0,37,412.993321
-980.0,38,413.049248
-360.0,7,413.070173
-1400.0,59,413.168016
-640.0,21,413.204916
-1480.0,63,413.308077
-340.0,6,414.215126
-340.0,6,414.22893
-840.0,31,414.273102
-260.0,2,414.273102
-260.0,2,414.295884
-260.0,2,414.297893
-260.0,2,414.306646
-260.0,2,414.309716
-260.0,2,414.323427
-260.0,2,414.325778
-260.0,2,415.443959
-540.0,16,415.473305
-260.0,2,415.48225
-260.0,2,415.487256
-260.0,2,415.490116
-760.0,27,415.540095
-540.0,16,415.574941
-400.0,9,415.590635
-340.0,6,415.605481
-820.0,30,415.650149
-300.0,4,416.545774
-440.0,11,416.557221
-820.0,30,416.601918
-300.0,4,416.616791
-380.0,8,416.636135
-860.0,32,416.686057
-1860.0,82,416.821005
-260.0,2,416.821005
-1640.0,71,416.950404
-2060.0,92,417.110835
-420.0,10,418.033415
-380.0,8,418.043196
-380.0,8,418.060383
-260.0,2,418.062674
-740.0,26,418.10266
-340.0,6,418.11679
-660.0,22,418.15862
-440.0,11,418.175347
-540.0,16,418.200069
-560.0,17,418.235535
-260.0,2,419.117863
-260.0,2,419.12322
-260.0,2,419.12745
-260.0,2,419.133048
-260.0,2,419.140543
-260.0,2,419.145485
-260.0,2,419.147277
-320.0,5,419.154866
-880.0,33,419.209685
-1260.0,52,419.286212
-340.0,6,420.138443
-360.0,7,420.144772
-740.0,26,420.197597
-480.0,13,420.230865
-260.0,2,420.233511
-780.0,28,420.28562
-1600.0,69,420.499285
-540.0,16,420.538083
-460.0,12,420.577629
-260.0,2,420.589672
-260.0,2,421.8981
-260.0,2,421.905732
-260.0,2,421.907894
-260.0,2,421.913976
-260.0,2,421.921341
-260.0,2,421.927933
-260.0,2,421.928932
-260.0,2,421.936727
-260.0,2,421.943942
-260.0,2,421.950759
-260.0,2,422.820447
-260.0,2,422.829376
-260.0,2,422.837599
-260.0,2,422.842285
-260.0,2,422.844472
-400.0,9,422.850547
-360.0,7,422.875887
-940.0,36,422.936625
-300.0,4,422.94497
-740.0,26,422.987099
-440.0,11,423.867506
-640.0,21,423.898393
-300.0,4,423.905534
-440.0,11,423.925611
-920.0,35,423.988309
-1260.0,52,424.071166
-780.0,28,424.117261
-340.0,6,424.132583
-1980.0,88,424.282998
-840.0,31,424.333519
-380.0,8,425.354688
-280.0,3,425.358207
-640.0,21,425.396449
-920.0,35,425.445364
-680.0,23,425.468781
-540.0,16,425.509021
-260.0,2,425.517386
-500.0,14,425.551538
-440.0,11,425.575464
-800.0,29,425.631846
-340.0,6,426.574188
-300.0,4,426.581688
-460.0,12,426.604535
-300.0,4,426.612179
-540.0,16,426.645517
-680.0,23,426.682132
-340.0,6,426.694502
-1240.0,51,426.776143
-500.0,14,426.800313
-580.0,18,426.838969
-800.0,29,427.813662
-1080.0,43,427.885305
-260.0,2,427.892103
-760.0,27,427.941164
-480.0,13,427.961113
-900.0,34,428.021584
-620.0,20,428.069538
-340.0,6,428.076817
-780.0,28,428.149543
-800.0,29,428.204561
-260.0,2,429.232596
-600.0,19,429.263971
-540.0,16,429.289591
-720.0,25,429.327807
-420.0,10,429.343095
-260.0,2,429.3542
-860.0,32,429.407049
-420.0,10,429.421012
-580.0,18,429.46058
-1600.0,69,429.603267
-380.0,8,430.566888
-860.0,32,430.622916
-1180.0,48,430.692411
-280.0,3,430.696266
-400.0,9,430.707805
-500.0,14,430.736799
-480.0,13,430.756434
-740.0,26,430.791022
-400.0,9,430.812305
-260.0,2,430.815908
-500.0,14,431.804434
-620.0,20,431.833584
-1280.0,53,431.908127
-780.0,28,431.955324
-1160.0,47,432.047495
-960.0,37,432.131089
-260.0,2,432.133938
-660.0,22,432.212331
-400.0,9,432.244588
-320.0,5,432.255721
-1260.0,52,433.588973
-340.0,6,433.598273
-920.0,35,433.656273
-260.0,2,433.658272
-2660.0,122,433.83191
-320.0,5,433.843685
-340.0,6,433.859928
-1280.0,53,433.949525
-260.0,2,433.951616
-260.0,2,433.954865
-260.0,2,435.049076
-260.0,2,435.056493
-260.0,2,435.058298
-520.0,15,435.083684
-860.0,32,435.137306
-260.0,2,435.137306
-280.0,3,435.148533
-600.0,19,435.181227
-1100.0,44,435.250681
-380.0,8,435.264879
-440.0,11,436.148019
-360.0,7,436.164941
-1120.0,45,436.238004
-1260.0,52,436.313888
-260.0,2,436.315988
-540.0,16,436.347783
-680.0,23,436.399022
-280.0,3,436.402479
-780.0,28,436.452522
-1380.0,58,436.573481
-720.0,25,437.576093
-1360.0,57,437.669262
-280.0,3,437.671259
-380.0,8,437.686109
-480.0,13,437.712747
-800.0,29,437.762452
-800.0,29,437.811875
-400.0,9,437.827177
-1480.0,63,437.939552
-360.0,7,437.951904
-760.0,27,438.900489
-540.0,16,438.921757
-340.0,6,438.934769
-440.0,11,438.95317
-520.0,15,438.980443
-1180.0,48,439.050764
-1580.0,68,439.157911
-520.0,15,439.179651
-280.0,3,439.18871
-320.0,5,439.196151
-420.0,10,440.122011
-640.0,21,440.154614
-1420.0,60,440.239342
-320.0,5,440.247411
-300.0,4,440.260682
-840.0,31,440.315624
-540.0,16,440.340462
-260.0,2,440.347252
-1500.0,64,440.471905
-260.0,2,440.473608
-260.0,2,441.352468
-260.0,2,441.354474
-260.0,2,441.365076
-1320.0,55,441.439634
-1660.0,72,441.556076
-500.0,14,441.582466
-440.0,11,441.610284
-260.0,2,441.613276
-260.0,2,441.619887
-260.0,2,441.62376
-360.0,7,442.533007
-420.0,10,442.547006
-800.0,29,442.594959
-300.0,4,442.60216
-540.0,16,442.63525
-260.0,2,442.637261
-260.0,2,442.642846
-260.0,2,442.644896
-300.0,4,442.659635
-260.0,2,442.665821
-260.0,2,443.502593
-260.0,2,443.50477
-260.0,2,443.557909
-260.0,2,443.563787
-260.0,2,443.565787
-460.0,12,443.592256
-320.0,5,443.606991
-400.0,9,443.626633
-1520.0,65,443.723372
-300.0,4,443.730372
-300.0,4,444.986124
-280.0,3,444.992086
-1040.0,41,445.0516
-260.0,2,445.053611
-820.0,30,445.104443
-1200.0,49,445.181667
-480.0,13,445.199366
-400.0,9,445.214671
-260.0,2,445.221867
-260.0,2,445.229913
-260.0,2,446.250099
-260.0,2,446.25146
-260.0,2,446.264302
-520.0,15,446.289252
-300.0,4,446.29449
-400.0,9,446.312455
-340.0,6,446.331615
-500.0,14,446.357666
-260.0,2,446.364256
-260.0,2,446.367077
-260.0,2,447.823347
-260.0,2,447.826124
-260.0,2,447.83309
-260.0,2,447.835909
-260.0,2,447.850901
-260.0,2,447.854033
-260.0,2,447.85864
-260.0,2,447.861394
-260.0,2,447.874609
-260.0,2,447.877052
-260.0,2,448.828918
-260.0,2,448.832399
-260.0,2,448.847309
-260.0,2,448.850008
-400.0,9,448.865181
-1500.0,64,448.974018
-340.0,6,448.998089
-580.0,18,449.02095
-320.0,5,449.041764
-260.0,2,449.044076
-260.0,2,449.952449
-260.0,2,449.956452
-1500.0,64,450.048217
-1440.0,61,450.15287
-320.0,5,450.171451
-400.0,9,450.19216
-660.0,22,450.234858
-300.0,4,450.245465
-380.0,8,450.270309
-320.0,5,450.285834
-380.0,8,451.29485
-260.0,2,451.309167
-580.0,18,451.345441
-540.0,16,451.373296
-620.0,20,451.402901
-260.0,2,451.405931
-260.0,2,451.416483
-260.0,2,451.419153
-260.0,2,451.425531
-260.0,2,451.427821
-260.0,2,452.370872
-940.0,36,452.421144
-420.0,10,452.439543
-360.0,7,452.449012
-800.0,29,452.485811
-300.0,4,452.505593
-500.0,14,452.532823
-260.0,2,452.536206
-260.0,2,452.547673
-520.0,15,452.570777
-760.0,27,453.450651
-320.0,5,453.468685
-320.0,5,453.482635
-260.0,2,453.485634
-1140.0,46,453.552237
-260.0,2,453.552237
-260.0,2,453.573369
-260.0,2,453.57437
-260.0,2,453.579371
-260.0,2,453.581373
-260.0,2,454.551544
-260.0,2,454.554743
-260.0,2,454.561787
-260.0,2,454.564061
-260.0,2,454.575776
-260.0,2,454.577781
-260.0,2,454.583843
-260.0,2,454.588
-260.0,2,454.599295
-280.0,3,454.602661
-780.0,28,455.854154
-580.0,18,455.886912
-320.0,5,455.902683
-420.0,10,455.922769
-260.0,2,455.925278
-260.0,2,455.932221
-260.0,2,455.942374
-320.0,5,455.949123
-440.0,11,455.970078
-420.0,10,455.992758
-640.0,21,456.971371
-480.0,13,456.993068
-540.0,16,457.013194
-740.0,26,457.07122
-580.0,18,457.108979
-960.0,37,457.172864
-1060.0,42,457.320087
-400.0,9,457.347548
-800.0,29,457.41999
-680.0,23,457.460041
-600.0,19,458.463926
-480.0,13,458.487497
-380.0,8,458.505171
-480.0,13,458.529598
-320.0,5,458.541179
-320.0,5,458.550549
-280.0,3,458.565224
-260.0,2,458.567321
-260.0,2,458.57442
-260.0,2,458.577433
-260.0,2,459.483918
-260.0,2,459.49077
-260.0,2,459.496134
-260.0,2,459.498142
-260.0,2,459.50928
-260.0,2,459.511491
-260.0,2,459.518225
-260.0,2,459.521386
-940.0,36,459.58225
-1020.0,40,459.647011
-600.0,19,460.509646
-280.0,3,460.516181
-940.0,36,460.567258
-280.0,3,460.569791
-540.0,16,460.58628
-1020.0,40,460.653795
-560.0,17,460.684978
-680.0,23,460.712463
-400.0,9,460.731536
-1540.0,66,460.827468
-460.0,12,461.654742
-600.0,19,461.682201
-300.0,4,461.689387
-420.0,10,461.704236
-460.0,12,461.731366
-620.0,20,461.760561
-1040.0,41,461.825136
-540.0,16,461.848421
-640.0,21,461.886039
-720.0,25,461.93574
-2080.0,93,462.9534
-1740.0,76,463.105088
-400.0,9,463.133961
-340.0,6,463.145454
-340.0,6,463.161316
-260.0,2,463.163293
-580.0,18,463.209998
-260.0,2,463.218386
-260.0,2,463.224423
-260.0,2,463.226433
-740.0,26,464.228702
-260.0,2,464.230702
-1180.0,48,464.298883
-340.0,6,464.310513
-700.0,24,464.355398
-1280.0,53,464.473415
-620.0,20,464.530181
-320.0,5,464.554063
-260.0,2,464.573874
-260.0,2,464.576574
-400.0,9,465.486394
-780.0,28,465.536999
-880.0,33,465.596467
-580.0,18,465.624362
-520.0,15,465.646827
-2320.0,105,465.804667
-380.0,8,465.819319
-580.0,18,465.853478
-260.0,2,465.85463
-260.0,2,465.860383
-260.0,2,466.699419
-260.0,2,466.705356
-260.0,2,466.706348
-320.0,5,466.712538
-800.0,29,466.765027
-800.0,29,466.80993
-460.0,12,466.828294
-260.0,2,466.831415
-260.0,2,466.842569
-260.0,2,466.842569
-260.0,2,468.09757
-260.0,2,468.100379
-460.0,12,468.130342
-260.0,2,468.137383
-260.0,2,468.140431
-260.0,2,468.146236
-260.0,2,468.153663
-260.0,2,468.158657
-260.0,2,468.16193
-260.0,2,468.167932
-260.0,2,469.066279
-620.0,20,469.094826
-1860.0,82,469.212807
-1100.0,44,469.27212
-280.0,3,469.290042
-260.0,2,469.292044
-260.0,2,469.297762
-260.0,2,469.299953
-260.0,2,469.311698
-260.0,2,469.312734
-260.0,2,470.239321
-380.0,8,470.253513
-960.0,37,470.311855
-260.0,2,470.317639
-560.0,17,470.336217
-1680.0,73,470.464052
-520.0,15,470.496721
-260.0,2,470.498723
-620.0,20,470.541067
-1020.0,40,470.634032
-620.0,20,471.688016
-480.0,13,471.709695
-480.0,13,471.734087
-960.0,37,471.81163
-640.0,21,471.858651
-740.0,26,471.919406
-500.0,14,471.945848
-1340.0,56,472.055301
-560.0,17,472.094926
-340.0,6,472.114063
-920.0,35,473.054117
-280.0,3,473.05543
-780.0,28,473.10878
-620.0,20,473.141987
-740.0,26,473.18867
-740.0,26,473.229218
-1680.0,73,473.35247
-300.0,4,473.359787
-940.0,36,473.420821
-340.0,6,473.428177
-400.0,9,474.276976
-460.0,12,474.285031
-1360.0,57,474.380259
-320.0,5,474.392664
-280.0,3,474.408105
-260.0,2,474.410821
-260.0,2,474.417553
-260.0,2,474.421213
-760.0,27,474.510063
-1060.0,42,474.61793
-260.0,2,475.485147
-600.0,19,475.514574
-260.0,2,475.524632
-260.0,2,475.538185
-300.0,4,475.547435
-260.0,2,475.550804
-260.0,2,475.56255
-260.0,2,475.564482
-260.0,2,475.571521
-260.0,2,475.574631
-260.0,2,476.597637
-260.0,2,476.599376
-260.0,2,476.607419
-680.0,23,476.648817
-260.0,2,476.655945
-300.0,4,476.670908
-780.0,28,476.725713
-320.0,5,476.735789
-1080.0,43,476.824516
-280.0,3,476.831035
-720.0,25,477.870231
-460.0,12,477.888651
-400.0,9,477.905352
-360.0,7,477.917418
-420.0,10,477.920717
-660.0,22,477.961225
-260.0,2,477.968946
-320.0,5,477.979571
-320.0,5,477.986814
-900.0,34,478.030912
-760.0,27,478.886332
-1140.0,46,478.973282
-1260.0,52,479.053531
-980.0,38,479.111256
-660.0,22,479.157491
-640.0,21,479.261642
-580.0,18,479.291409
-440.0,11,479.3175
-280.0,3,479.331745
-1160.0,47,479.420773
-260.0,2,480.565903
-260.0,2,480.574916
-260.0,2,480.584125
-260.0,2,480.594995
-260.0,2,480.597637
-980.0,38,480.710554
-1020.0,40,480.796178
-280.0,3,480.79839
-400.0,9,480.821882
-1140.0,46,480.913343
-620.0,20,482.173674
-420.0,10,482.199178
-260.0,2,482.201189
-380.0,8,482.207834
-360.0,7,482.236744
-360.0,7,482.247568
-720.0,25,482.289202
-500.0,14,482.31238
-280.0,3,482.32681
-540.0,16,482.356458
-540.0,16,483.378517
-440.0,11,483.398369
-1000.0,39,483.475328
-400.0,9,483.492222
-720.0,25,483.5373
-280.0,3,483.540624
-660.0,22,483.590381
-2180.0,98,483.749367
-1360.0,57,483.841125
-720.0,25,483.87735
-800.0,29,484.99667
-260.0,2,484.99931
-260.0,2,485.001794
-260.0,2,485.009633
-640.0,21,485.053189
-1320.0,55,485.151382
-580.0,18,485.184812
-480.0,13,485.212293
-600.0,19,485.253509
-400.0,9,485.270156
-440.0,11,486.162965
-500.0,14,486.185277
-480.0,13,486.212558
-1760.0,77,486.337549
-540.0,16,486.36229
-740.0,26,486.40968
-1120.0,45,486.480603
-540.0,16,486.504436
-300.0,4,486.512478
-1140.0,46,486.599029
-360.0,7,487.484524
-480.0,13,487.507799
-780.0,28,487.55736
-520.0,15,487.585319
-720.0,25,487.628368
-300.0,4,487.637289
-380.0,8,487.654074
-460.0,12,487.671911
-960.0,37,487.738785
-300.0,4,487.745447
-800.0,29,488.65538
-380.0,8,488.672245
-2040.0,91,488.800612
-940.0,36,488.869143
-420.0,10,488.891076
-1100.0,44,488.970594
-460.0,12,489.00088
-1440.0,61,489.110281
-300.0,4,489.118728
-1060.0,42,489.189636
-600.0,19,490.047257
-400.0,9,490.059343
-300.0,4,490.064809
-900.0,34,490.120934
-820.0,30,490.171856
-860.0,32,490.224606
-460.0,12,490.322602
-700.0,24,490.363317
-320.0,5,490.380324
-260.0,2,490.389806
-260.0,2,491.236145
-260.0,2,491.239114
-260.0,2,491.244284
-260.0,2,491.252968
-300.0,4,491.260319
-720.0,25,491.303155
-1020.0,40,491.373597
-620.0,20,491.403787
-360.0,7,491.41477
-260.0,2,491.421526
-760.0,27,492.285302
-380.0,8,492.299062
-820.0,30,492.352485
-700.0,24,492.397384
-960.0,37,492.493234
-400.0,9,492.511096
-460.0,12,492.542393
-960.0,37,492.630187
-260.0,2,492.63867
-660.0,22,492.697274
-360.0,7,493.910214
-700.0,24,493.941208
-360.0,7,493.967621
-560.0,17,493.992978
-760.0,27,494.038305
-300.0,4,494.049034
-440.0,11,494.072911
-880.0,33,494.137515
-360.0,7,494.151256
-260.0,2,494.153006
-480.0,13,495.326311
-300.0,4,495.338047
-760.0,27,495.379361
-360.0,7,495.396573
-600.0,19,495.444845
-520.0,15,495.474456
-640.0,21,495.509897
-440.0,11,495.535078
-520.0,15,495.572702
-1140.0,46,495.653901
-460.0,12,496.59943
-900.0,34,496.672622
-380.0,8,496.695681
-540.0,16,496.729585
-440.0,11,496.75101
-320.0,5,496.756309
-260.0,2,496.77498
-260.0,2,496.775697
-260.0,2,496.785355
-260.0,2,496.78911
-260.0,2,497.749372
-260.0,2,497.752167
-260.0,2,497.759027
-260.0,2,497.761464
-260.0,2,497.774821
-260.0,2,497.777005
-260.0,2,497.784074
-260.0,2,497.788842
-260.0,2,497.799852
-260.0,2,497.802959
-520.0,15,498.646818
-1240.0,51,498.718746
-320.0,5,498.72964
-800.0,29,498.753608
-260.0,2,498.7698
-500.0,14,498.792155
-560.0,17,498.825926
-3040.0,141,499.014729
-360.0,7,499.0364
-500.0,14,499.059188
-980.0,38,499.983098
-260.0,2,499.984848
-260.0,2,499.99159
-260.0,2,499.993807
-700.0,24,500.038155
-920.0,35,500.095282
-420.0,10,500.111022
-580.0,18,500.151268
-420.0,10,500.17274
-520.0,15,500.199065
-280.0,3,501.172068
-640.0,21,501.209068
-540.0,16,501.242385
-1340.0,56,501.334376
-320.0,5,501.342923
-480.0,13,501.375424
-560.0,17,501.409853
-580.0,18,501.44077
-600.0,19,501.475746
-320.0,5,501.485525
-900.0,34,502.490836
-340.0,6,502.503076
-280.0,3,502.510573
-260.0,2,502.515212
-380.0,8,502.535422
-560.0,17,502.561702
-580.0,18,502.588353
-800.0,29,502.638507
-260.0,2,502.64639
-720.0,25,502.696129
-300.0,4,503.533168
-1700.0,74,503.635757
-300.0,4,503.646965
-300.0,4,503.652343
-640.0,21,503.680939
-320.0,5,503.689914
-660.0,22,503.731903
-360.0,7,503.740524
-260.0,2,503.745752
-780.0,28,503.788357
-260.0,2,504.768962
-680.0,23,504.812199
-600.0,19,504.855365
-380.0,8,504.87331
-500.0,14,504.911816
-1340.0,56,505.037422
-460.0,12,505.058689
-580.0,18,505.096814
-400.0,9,505.12495
-480.0,13,505.153543
-640.0,21,506.419135
-940.0,36,506.472049
-340.0,6,506.490829
-260.0,2,506.496785
-300.0,4,506.503963
-400.0,9,506.509616
-980.0,38,506.608488
-260.0,2,506.61051
-260.0,2,506.615499
-740.0,26,506.656302
-460.0,12,507.564505
-800.0,29,507.601568
-640.0,21,507.640837
-780.0,28,507.678316
-780.0,28,507.72175
-320.0,5,507.728139
-540.0,16,507.756238
-300.0,4,507.762129
-1240.0,51,507.854286
-440.0,11,507.871161
-480.0,13,508.739086
-360.0,7,508.74729
-360.0,7,508.766137
-1360.0,57,508.85235
-1460.0,62,508.957676
-600.0,19,509.00115
-1780.0,78,509.152529
-1160.0,47,509.25952
-880.0,33,509.323777
-620.0,20,509.368526
-820.0,30,510.33867
-260.0,2,510.345725
-260.0,2,510.352695
-260.0,2,510.354908
-880.0,33,510.41269
-740.0,26,510.456568
-940.0,36,510.520339
-300.0,4,510.530619
-500.0,14,510.558135
-300.0,4,510.568808
-760.0,27,511.450694
-520.0,15,511.476451
-2080.0,93,511.612552
-380.0,8,511.625628
-720.0,25,511.660154
-880.0,33,511.717789
-760.0,27,511.757884
-680.0,23,511.794163
-320.0,5,511.801139
-520.0,15,511.826213
-1080.0,43,512.872897
-2080.0,93,513.01495
-580.0,18,513.047871
-260.0,2,513.049676
-720.0,25,513.10013
-980.0,38,513.17103
-1020.0,40,513.247444
-660.0,22,513.284502
-440.0,11,513.314134
-720.0,25,513.355271
-340.0,6,514.192434
-320.0,5,514.205556
-1000.0,39,514.269865
-300.0,4,514.275871
-600.0,19,514.303744
-680.0,23,514.341233
-660.0,22,514.388704
-440.0,11,514.415037
-560.0,17,514.465652
-620.0,20,514.525878
-2460.0,112,515.560183
-1220.0,50,515.644205
-940.0,36,515.702766
-520.0,15,515.725316
-1100.0,44,515.818949
-700.0,24,515.858031
-320.0,5,515.858031
-540.0,16,515.897752
-740.0,26,515.953516
-800.0,29,516.001193
-580.0,18,516.908257
-940.0,36,516.960713
-360.0,7,516.976491
-520.0,15,517.004826
-320.0,5,517.009913
-1220.0,50,517.101417
-380.0,8,517.131639
-560.0,17,517.155999
-660.0,22,517.205312
-420.0,10,517.226313
-640.0,21,518.395348
-740.0,26,518.43134
-760.0,27,518.470287
-940.0,36,518.527099
-580.0,18,518.560174
-480.0,13,518.581088
-260.0,2,518.587196
-740.0,26,518.625673
-860.0,32,518.685551
-1280.0,53,518.781067
-680.0,23,519.622381
-620.0,20,519.649701
-260.0,2,519.6575
-480.0,13,519.679593
-740.0,26,519.721903
-260.0,2,519.721903
-600.0,19,519.765711
-400.0,9,519.777543
-1400.0,59,519.873482
-700.0,24,519.915423
-980.0,38,520.809386
-520.0,15,520.840306
-720.0,25,520.879727
-300.0,4,520.886115
-320.0,5,520.902699
-500.0,14,520.925315
-440.0,11,520.94461
-1240.0,51,521.040526
-640.0,21,521.082914
-400.0,9,521.098544
-1100.0,44,522.035149
-2280.0,103,522.211142
-440.0,11,522.239206
-660.0,22,522.276564
-880.0,33,522.33615
-320.0,5,522.348566
-300.0,4,522.362567
-480.0,13,522.380675
-840.0,31,522.441732
-420.0,10,522.458677
-300.0,4,523.283058
