#{"t_start": 1745430905.0452754, "env_id": "None"}
r,l,t
-383.261472,34,4.55533
-455.559411,25,5.629565
-142.953896,21,6.943039
281.432765,13,8.071993
-62.616214,19,8.783441
-576.627232,41,9.922581
-619.293353,24,10.895569
-145.892441,32,11.810545
-114.174562,17,12.930291
-347.194165,40,14.097444
-606.587592,21,18.056737
122.978306,17,19.230311
-692.387298,28,19.942306
-844.981776,45,20.890786
-462.524022,25,21.895997
-540.8474,30,23.044943
28.637868,22,23.514287
-993.79865,41,23.944595
-245.863198,24,24.479632
-802.539802,39,26.014731
-694.423488,27,28.477319
-723.738753,40,29.348202
-651.98425,36,30.278332
-736.010931,27,31.632708
-612.131525,34,32.510705
-247.242135,26,33.636586
-529.491398,30,34.415969
-167.412812,21,35.830786
-841.644275,45,36.789424
-645.737426,23,37.760264
-538.865181,18,41.045895
-190.540738,25,41.912733
-392.800538,24,42.740023
-136.775597,20,43.84638
-572.119992,20,44.950826
-1030.54001,55,45.652996
-13.481824,27,46.614784
-210.056932,26,47.283333
-674.868826,22,48.302085
-519.747287,15,49.292552
-253.688866,17,51.817055
-767.789944,30,52.644248
-979.078243,40,53.540412
-592.500414,21,54.663395
-385.153712,23,55.820255
-104.826702,29,56.756155
-490.407789,28,57.651639
-551.019321,31,58.504054
-821.859108,31,59.589658
45.383342,23,60.548852
-725.26046,26,62.936865
-467.655631,28,63.733751
-521.713817,17,64.334774
-747.772422,27,65.08712
-254.621087,37,65.952695
-529.916441,19,66.625647
-716.808782,39,67.583038
-85.10506,16,68.693229
-495.12781,27,69.739246
-689.195954,25,70.476806
-261.368744,27,72.738963
-37.714663,18,73.370438
-707.711188,34,74.937499
-493.743707,26,76.023512
-373.940665,23,76.502819
-576.167082,34,76.901434
-41.306896,25,77.466031
-1159.65825,51,77.967192
-989.7534,49,79.271062
-557.178485,17,80.509622
-916.734421,38,82.84372
-375.333385,22,84.180193
-421.490042,37,84.841329
-133.68454,19,85.741296
-595.304306,21,86.891069
-1055.709021,43,88.250952
-679.183022,25,89.454279
-367.543083,31,90.372918
-363.719729,19,91.490918
-935.593408,39,92.651697
-521.859246,29,95.295834
-551.564943,41,96.156538
-157.729382,32,97.054567
-696.376559,26,98.44053
-210.836088,37,99.311518
-770.677913,30,100.127126
-91.667203,32,100.763113
-481.690877,14,102.042822
-608.692917,45,103.374433
-820.515736,31,104.203364
-252.534844,18,106.483081
-380.599789,33,107.531674
-904.111138,35,109.166432
-445.190622,37,110.135159
-156.719761,24,110.719533
-1252.25889,53,111.873938
-693.085457,27,112.748423
-713.636248,27,113.876245
-468.769536,27,114.593069
-523.844107,32,115.550176
-811.3132,31,118.143751
-224.281708,25,118.910699
-551.095819,29,119.757492
-288.480402,41,120.892781
-312.104231,32,121.737467
-171.299875,24,122.643774
-679.852679,37,123.555584
-794.811683,30,124.872191
-745.092208,28,125.922267
-397.928224,24,126.467252
33.879192,12,128.777905
-682.154235,37,129.530921
-669.926142,25,130.071675
-975.35592,37,130.701076
-476.282412,16,131.762622
-31.33606,17,132.591025
-224.224729,24,133.595964
-518.460343,27,134.617479
-400.444028,23,135.951478
-84.566815,20,136.999521
-541.42337,28,139.689607
-491.56848,39,140.752202
-138.3003,19,141.74744
-1217.273861,51,142.692028
-748.802176,29,143.502798
-976.712219,40,144.644238
-764.716212,31,145.334688
11.863131,16,145.894844
-1153.360849,48,147.11814
-64.274605,18,147.772633
-974.322953,53,150.260092
-15.904255,16,151.216556
-420.65976,45,152.223131
65.109232,33,153.141322
-215.68973,15,153.945378
-402.600948,23,154.932715
-898.195807,37,156.269874
-140.170913,19,157.384393
-83.60022,33,158.141276
-453.204053,24,159.262374
-594.697024,20,162.245664
-524.710733,20,163.155239
-5.669373,14,164.042608
-299.235151,19,164.913059
-593.155986,19,166.212799
159.254471,18,167.040475
-300.514231,28,168.230952
-308.702659,31,168.960741
-247.72851,27,169.787659
-892.379093,46,170.981273
-855.844729,33,173.6407
-472.117023,26,174.607147
-543.700273,31,175.536359
-6.779233,24,176.923678
-804.470379,43,178.089286
211.242078,14,179.217415
-532.44669,21,180.050161
-908.945965,36,180.87957
-448.402911,25,182.105467
-1506.776437,67,183.150388
-467.947045,27,185.451034
-619.297009,25,186.054855
-318.317135,30,187.02139
-483.348749,26,187.793983
-279.335524,27,188.728562
-743.007841,27,189.320449
-517.918385,17,190.118361
-313.661094,30,191.13683
-544.72744,18,192.040698
-861.099962,35,192.793704
-184.331612,23,194.854249
-765.322909,33,195.827611
-838.74732,44,197.060529
-697.623967,26,198.090533
-1882.371354,95,199.468886
-45.593922,26,200.844075
-65.049924,28,202.138076
-826.196322,30,203.320979
-355.896323,32,204.374147
-348.472865,21,205.411091
-715.522425,38,208.367924
-648.091559,22,209.747187
-924.599604,37,210.974317
-820.394417,32,212.106614
-288.672793,31,213.278677
178.23093,18,214.241304
-728.837464,39,215.611431
-243.484864,16,216.571445
-501.550435,29,217.388747
-573.675626,20,218.775364
-718.604542,38,221.697078
-748.25153,41,222.580144
-654.08661,27,223.496908
-752.668669,25,224.82073
-554.4904,21,226.008035
22.593381,22,227.273052
-598.860076,23,228.179437
-515.871526,27,229.348096
-377.310414,20,230.679365
-770.66134,32,231.60544
-495.065652,37,234.540027
-603.659008,32,235.967921
-468.807018,25,237.453601
-857.762432,35,238.406736
-838.160208,36,239.285656
295.922438,22,240.144509
8.223419,36,241.08577
-428.421591,27,242.26779
-240.891958,28,242.617104
-1.784938,25,243.501578
-533.88419,39,246.352067
-932.802039,38,247.411726
-322.260677,19,248.763368
-220.87551,25,249.875628
-418.885414,22,250.851258
-586.506558,39,252.445389
-914.125193,36,254.035259
-200.044232,25,255.025595
-171.248886,25,256.157261
-216.582474,25,257.23403
-617.893707,35,259.969745
-862.338806,45,261.176225
-469.890821,26,262.351229
-342.72626,20,263.446468
-555.300265,30,265.207
-195.741156,27,265.838309
-521.337813,30,267.099077
-593.441389,20,268.072159
-406.957841,22,269.096301
-879.925186,35,270.480364
-477.825907,17,272.291116
-382.253562,21,273.274221
-772.808725,30,274.235219
-351.287881,22,275.303307
-579.221019,19,276.696984
-581.173465,21,277.432986
-671.891544,25,278.432253
-415.900705,23,279.566357
-511.11425,30,280.692198
-142.56701,34,281.33257
-756.703658,41,283.683762
-349.812373,22,284.506529
-92.267087,18,285.532128
-1561.2831,67,287.325968
-1234.640874,53,288.43584
-318.417976,20,289.385922
-767.934229,37,291.228171
-207.972876,26,292.317851
-387.750711,25,293.374027
-606.256914,22,294.59147
-411.82449,22,298.01819
-592.031779,21,299.038439
-487.559269,28,300.100762
-629.859989,47,301.044402
-334.337897,32,302.100563
-521.375329,30,303.102525
-655.192172,24,304.519493
-17.94334,16,305.731275
-646.092259,22,306.906848
-129.167604,20,308.346584
35.373432,23,311.036532
-498.650323,25,312.306706
-198.861634,23,313.608674
-669.387716,24,314.998509
-388.02524,22,316.173674
-737.547496,30,316.923794
-902.927558,36,318.064404
-800.895583,31,319.259589
-665.477741,21,320.672629
-655.910732,34,321.939848
-565.316532,29,324.608338
-604.790088,36,325.872782
-170.012516,24,326.796663
-410.22885,24,327.861229
-382.545063,19,329.154445
-810.471361,43,330.452877
-261.350261,29,331.375884
-384.576166,20,332.499195
-352.862092,21,333.307937
-278.279018,16,334.341038
-625.739901,35,337.36143
-272.101778,19,338.525234
-542.163689,20,339.449943
-413.894192,35,340.502165
-163.689513,21,341.486919
-1020.905537,53,343.080896
-218.124252,24,344.325524
-627.201839,23,345.19459
-548.739895,30,346.550169
-857.086662,46,348.072265
14.258757,25,350.27508
-364.345702,31,351.547791
-1033.562213,40,352.897142
-584.336564,33,354.40844
-1077.115123,59,355.375283
-405.194991,23,356.519196
-51.403854,17,357.743676
-1076.404409,43,359.346481
-316.280368,32,360.415016
-314.699214,29,361.519004
-380.032396,21,364.421521
-316.609751,30,365.686198
-550.742182,29,366.929952
-389.192818,12,367.996817
-688.98241,24,369.207122
-390.692165,24,370.522775
-811.335869,43,371.664119
-93.629317,17,372.901873
-678.934821,27,373.998688
66.175202,13,374.963765
-239.633626,28,377.709624
211.631571,14,378.742726
-77.921794,20,379.631271
222.644283,26,380.645318
-724.996879,26,382.144259
-327.52219,44,383.058172
-57.903556,17,384.104611
-43.302935,16,385.197782
-516.410866,30,386.301267
-298.478507,20,386.980577
-517.626018,40,389.861774
-841.582282,34,390.817535
-765.453158,28,392.141423
-663.057588,38,392.840696
-38.19916,18,393.581404
-312.533176,29,395.122725
-603.341863,35,395.990167
-75.684084,30,396.806845
-454.169539,24,398.361555
-542.106684,40,399.884301
-1317.838815,69,402.957499
-711.222668,27,404.015571
-529.823191,19,405.184524
-282.916991,17,406.399338
-111.938732,31,407.37552
-819.642585,41,408.933568
-229.13412,24,410.204504
-221.697827,27,411.187522
-374.110418,21,412.294244
-411.151948,21,413.572795
-48.004393,18,416.361886
-57.783883,27,417.528916
-729.44963,27,418.768488
-687.304243,26,419.885741
-525.731239,18,421.043121
-622.507584,35,421.883105
-254.365218,25,422.986934
-957.760911,40,424.138186
-475.031275,37,425.359711
-108.28962,21,426.225871
-671.113958,25,429.187893
-647.435371,26,430.342682
-569.083172,30,431.591872
-215.840511,38,432.863568
-631.474176,34,434.200928
-343.066175,20,435.222157
-408.538423,25,436.349817
-157.235,23,437.323403
-119.715351,20,438.517775
-705.301609,25,439.991904
-725.233736,39,442.776067
-744.097217,31,443.716064
-789.491534,29,445.39344
-453.136088,38,446.432141
-753.504283,42,447.56655
-437.33686,36,448.546076
-298.410874,20,449.192604
-363.002855,21,450.404181
65.347321,24,451.624608
-542.034586,18,452.892125
-566.059453,30,455.626137
-531.178139,30,456.855186
-108.397961,19,458.335811
-166.94971,24,459.276771
-487.442453,17,460.310229
-457.873015,25,461.561666
-198.632351,38,462.529283
-663.728466,24,464.010965
-266.162354,26,465.083728
-387.644175,22,466.273144
-414.803378,34,468.723323
-745.580755,29,469.7872
-888.639376,58,471.197489
-787.932141,42,472.527462
-345.537175,32,473.676785
-221.100909,26,474.71842
-469.609748,27,475.566288
-694.223212,28,476.667151
40.868151,24,477.39535
-581.948659,21,478.727957
-462.447816,25,481.521662
-722.126455,23,483.255145
-538.198708,19,484.394272
-562.389172,33,485.266197
-583.992272,23,486.143171
-603.410105,19,487.578198
-235.48799,26,488.713527
-927.704359,37,490.019361
-433.867209,23,491.265624
-762.655022,27,492.672684
-347.403146,23,495.225806
-109.763238,21,496.272089
-713.062094,26,497.486273
-612.166824,22,499.035494
-325.73692,30,500.249276
-930.897991,62,501.297941
-270.331444,28,502.524883
-635.344534,23,503.980634
-34.224169,17,504.833365
-277.475778,29,505.994736
-926.102795,37,508.94802
-180.482191,14,510.040431
-965.446409,39,511.487483
-338.561085,29,512.942055
-1222.07772,50,514.4044
-660.059823,23,515.951017
-483.249528,16,516.838751
-457.672947,23,517.91542
-308.474896,14,519.083772
-520.526421,18,520.478742
-563.088384,31,523.08972
28.588842,26,523.835598
-334.170703,23,524.778649
-658.087237,25,526.103294
-516.293056,29,527.514573
-629.731656,23,528.590622
-595.223225,33,529.797076
-599.888522,31,531.246275
-522.648589,20,532.258404
-506.118316,28,533.436939
-191.146276,24,535.631344
-127.100424,31,536.76344
-146.350844,22,537.833749
-483.37509,26,539.29217
-545.47982,39,540.46528
-672.626475,38,541.69245
-801.656226,28,543.011172
-575.902486,21,544.372421
-280.367636,31,545.798361
-540.446768,30,546.845551
-448.853328,15,549.216827
-390.716909,23,550.196336
-73.186336,18,551.274266
-807.520197,30,553.185032
-188.472207,19,554.653001
-214.767194,15,555.737839
-302.865892,27,557.34697
-542.698977,17,558.522118
-261.545076,16,559.313344
-855.637688,33,560.561738
-902.552385,36,563.719409
-520.211684,29,564.782852
-717.479777,25,565.940837
-774.16852,30,566.79514
-487.476846,25,567.914292
-598.197308,21,569.517051
-943.152221,39,570.823916
-641.965326,26,571.832002
-773.077709,32,572.707116
105.266673,13,573.536861
-571.844753,32,576.025312
-46.347028,16,577.413544
-485.736486,17,578.334689
-433.06246,26,579.597543
-810.422247,42,580.764116
-13.932795,13,582.188708
-656.641943,25,583.438188
-699.503999,26,584.720722
-567.026018,30,585.927674
-72.94795,17,587.156599
-189.829065,24,589.675748
-332.861242,19,590.677911
-651.541027,25,591.896755
-358.317325,23,593.139968
-304.469149,19,594.070927
-726.108934,29,595.126047
-596.155771,22,596.399811
-548.592635,19,597.787284
-606.5754,34,598.800277
-368.668325,22,600.03592
95.191917,21,602.360414
-640.516174,23,603.755783
-734.658175,27,604.942282
-75.601824,17,605.932843
-727.827449,39,607.03249
-603.074004,21,607.974089
-779.711152,31,609.100898
-499.733613,38,610.565295
117.399866,23,611.352296
-584.624263,32,612.533843
-429.661199,25,615.063922
-837.60017,36,616.316428
-565.621368,31,617.315472
-909.29225,36,618.669005
-872.317155,37,619.946764
-479.629767,29,620.962393
-542.980252,31,622.093888
-849.387816,36,623.0178
-921.898805,46,624.566766
-653.384592,37,625.633894
-509.121835,15,628.490676
-420.450085,26,629.585411
182.135766,17,630.447973
-118.716756,21,631.415375
-630.992765,34,632.535274
-353.872534,22,634.077558
-603.7541,23,635.13016
-537.65684,20,635.944541
-812.477396,34,637.05365
-534.375124,18,638.180975
-1050.925013,43,641.318128
-553.918915,20,642.167085
-885.614064,48,643.448885
-539.836829,18,644.348619
-667.840268,22,645.556288
-811.515258,41,646.8538
-503.135737,39,647.932847
-586.183303,32,648.913098
-336.299617,22,649.98226
-794.085609,30,651.368642
-670.87486,35,654.132413
-22.55204,16,655.01472
-514.753032,19,656.110473
-697.259664,25,657.696873
-404.40326,24,658.856819
-408.989743,23,660.075976
-532.117053,32,661.041432
-634.67391,33,662.132479
-506.026487,14,663.789491
-796.008373,40,665.216068
-645.59648,27,667.608806
-1220.185442,54,669.130244
-356.27935,33,670.112798
-524.631269,29,671.228276
-19.351648,15,672.21646
-496.989827,38,673.292649
-122.527021,32,674.155595
-479.077818,28,675.529792
-808.313081,28,677.026972
-427.298933,14,678.072815
-564.185557,29,681.011477
-307.907879,30,682.103692
-750.677425,40,683.290798
-750.081514,28,684.43315
-189.743504,25,685.422604
-474.838936,27,686.863777
-365.822892,32,687.947486
-594.69987,21,688.899957
-1061.857971,43,690.197546
-588.616871,20,691.844945
-411.080207,36,694.127688
-900.260495,39,695.063811
-566.47473,30,696.400817
-323.933046,19,697.588198
-585.588019,18,699.115818
-626.077521,24,700.167505
-407.396658,24,701.299514
-995.486274,51,702.548787
-24.002708,27,703.513531
-542.828633,17,705.079798
-818.837165,31,707.500688
-810.67544,33,708.44991
-693.672511,23,710.056428
-571.055163,29,711.336782
-690.712584,36,712.63895
-614.115064,24,713.471797
-447.227519,25,714.505366
-141.576985,23,715.363557
-74.321836,19,716.44009
-566.124942,20,717.674957
-1641.83858,72,720.365337
-302.093825,30,721.224525
-657.572298,33,722.607968
-816.110297,45,724.093111
-639.395926,32,725.478015
-854.369065,32,726.834921
-631.749031,23,728.127377
-668.444259,24,729.546475
-534.315735,17,730.481272
-426.670391,25,731.503958
-438.816388,16,733.874388
-691.947739,25,734.88953
-617.834016,33,736.380908
-367.715592,21,737.31514
126.569151,20,738.221614
-295.007424,19,738.893597
-608.763525,22,739.991771
-483.933657,18,740.922085
-598.247001,33,742.460129
-86.956278,20,743.561791
25.91263,25,745.776286
-1037.540786,53,747.187586
-285.503262,18,748.257913
-401.970412,34,749.486279
-819.626711,34,750.706091
-296.808258,16,751.68728
-63.117725,28,752.821019
-524.916738,17,754.275681
-463.491221,25,755.439371
-152.908188,21,756.73712
-106.051256,19,759.215998
-424.338379,27,760.070994
-191.168165,35,761.333229
-451.917554,13,762.506559
-478.061361,30,763.189254
-378.706547,21,764.273314
-978.61306,39,765.689183
-647.488996,35,767.144991
-372.123855,22,768.396425
-902.227094,38,769.304784
-490.178592,28,771.72428
-220.845083,25,772.805323
-694.958554,36,774.498784
-776.463251,31,775.915717
-193.17146,12,777.023366
-775.321009,41,778.649795
-590.544222,30,780.034446
-61.317124,29,781.051938
-545.921216,19,782.12026
-688.642401,26,782.975707
-181.414068,25,785.555666
-602.952736,34,786.801178
-866.177885,49,787.896331
-708.202176,30,788.750746
-10.852132,14,789.949174
-338.059843,20,791.40069
-610.287935,23,792.2563
-708.240705,24,793.617673
-769.90967,32,794.243738
-478.920885,25,795.565401
-1494.206492,67,798.496622
-715.559331,27,799.674957
-351.439834,21,800.636469
-625.615731,23,801.71408
-404.630469,27,802.678369
-609.374184,32,804.058185
-306.93729,30,805.303566
-469.287212,26,806.560512
-14.407379,14,807.570919
-284.379015,29,808.53788
-233.157773,15,811.475179
-527.062204,41,812.802744
-75.533029,19,813.652026
-333.360091,31,814.576671
-1050.424459,44,815.759724
-289.610216,19,816.872577
-643.48225,25,817.96585
-358.010807,20,819.097132
-555.278919,20,820.188678
-395.860254,26,821.134822
-262.88223,16,823.716021
-791.346209,54,824.825415
-564.740128,32,826.065745
-533.094326,18,826.98046
-570.636576,33,828.259624
-613.65485,35,829.21904
-1165.527584,47,830.655343
-90.477426,28,831.777869
-615.610919,23,832.759485
-696.684658,23,834.295726
-805.096579,54,837.139991
-784.821081,43,838.174927
-165.952892,33,839.104714
-919.037561,38,840.252317
-366.197684,22,841.390489
-309.346137,32,842.246959
-1.42182,16,843.206682
-600.48398,46,844.391907
-426.624741,24,845.634705
-633.41131,23,846.972343
-851.692396,33,849.594532
-299.729914,14,850.998919
-454.33733,25,852.026379
-542.58768,20,853.016827
-657.185545,46,854.453004
-1149.853298,50,855.245383
-719.714123,27,856.171343
-400.178586,22,857.221068
-446.834962,24,858.779996
-611.389909,22,859.968784
-616.62023,22,862.747491
-173.685637,13,863.782361
-813.56806,45,864.715326
-559.085169,17,866.308914
-917.841696,38,867.268059
-177.778161,22,868.343332
-696.106538,27,869.579771
-435.189429,37,870.667977
-747.808087,42,872.238431
-586.67059,21,873.59362
-119.886902,18,876.141461
-711.356643,27,877.750847
-439.222098,25,878.962806
-316.92889,30,880.261989
-1027.02966,43,881.235654
-311.72298,19,882.360581
-373.717687,22,883.769329
-891.336792,37,884.580625
-752.807551,52,885.705232
-62.199067,19,886.657866
-609.848679,34,889.415487
-721.60835,24,890.888587
-502.432406,25,892.252879
-252.707381,15,893.332645
-564.949786,31,894.302912
-288.234531,18,895.424743
-737.2322,40,897.018136
-43.210119,29,898.394326
-161.591063,11,899.453236
-589.919698,22,900.686162
-120.017291,19,903.731086
-594.840283,32,904.70657
-455.787046,25,905.849976
-71.708536,17,906.943827
46.030302,24,907.823275
-523.364171,21,909.143512
-755.296681,40,910.331464
-824.763764,33,911.443996
-918.223752,38,912.490322
-462.016767,26,913.385117
-658.818618,27,916.005518
-817.036987,30,917.668508
-2.852665,15,918.500716
-309.690323,19,919.350511
-609.781575,32,920.692413
-401.808372,22,922.179799
-745.150195,27,923.256583
-94.680092,20,923.929508
-722.954864,25,925.379398
-1058.533546,44,926.519361
-371.561353,19,929.487751
-700.569995,29,930.745797
-306.812064,28,932.054799
-864.348105,35,933.050742
-237.551253,24,934.75269
-209.359093,33,936.012345
-825.720917,32,937.414001
-500.374807,19,938.039906
-683.860292,36,939.426065
-244.052048,27,940.439786
-388.801106,34,943.05407
-377.457999,32,944.370049
-72.377099,18,945.180047
-570.377569,22,946.540592
-557.440081,22,947.412793
-561.949573,21,948.568013
-218.364925,23,949.930204
-792.623471,30,951.282576
-441.133285,36,952.573377
-611.565018,33,953.349575
-615.071683,24,954.272551
-114.013758,18,954.834899
-434.773578,23,955.620602
-753.476582,41,956.023438
-424.84326,26,956.678679
-157.405797,24,957.075795
-410.854191,23,957.818155
-381.621915,23,958.461264
-645.251773,25,958.916955
-640.308932,25,959.182297
-104.055478,19,1479.873802
-691.780505,25,1482.166458
-172.548021,23,1483.485429
-538.720978,30,1484.777487
-699.435215,26,1485.705984
-616.243903,21,1487.000296
-307.882893,43,1487.713518
-654.617549,22,1488.751459
-462.898821,27,1489.705842
-138.668842,20,1490.479673
-664.60859,23,1492.370106
-441.728579,23,1493.337282
-340.552176,21,1494.265058
-158.811712,23,1494.984905
-341.494436,20,1495.768266
-140.118785,22,1496.314959
-332.649568,32,1496.869307
-489.108095,28,1497.747899
-331.406501,31,1498.768019
-518.982549,15,1499.829421
-484.913431,28,1501.624012
-462.409595,25,1502.722153
-96.247065,20,1503.676781
-105.099777,17,1504.824793
-1038.211664,54,1505.568355
-513.469685,18,1506.234664
-666.320877,37,1506.887919
-404.273062,24,1507.841816
-549.072031,20,1508.499578
-651.560135,45,1509.382001
-1272.245251,65,1511.10636
-374.30661,21,1512.372687
-250.753635,25,1513.176884
-654.78206,36,1514.013815
-224.548534,28,1514.746435
-531.895676,31,1515.637743
-630.955158,23,1516.663532
-445.534256,38,1517.37692
-510.676884,23,1518.403549
-1284.703682,54,1519.288799
-482.931414,29,1520.68342
-488.63932,26,1521.273478
-157.079839,23,1521.863557
-370.195585,23,1522.517222
-65.878426,26,1523.280735
-281.821305,18,1524.030216
-778.013196,29,1524.753839
-159.590919,22,1525.453415
-529.236643,27,1526.278315
-304.914897,28,1526.926364
-239.44374,14,1528.490549
-842.641358,46,1529.207923
-496.298409,27,1529.895697
100.486255,21,1530.517908
-554.289587,32,1531.365145
-616.257412,33,1532.146518
-1307.779403,68,1532.978285
-902.168554,37,1533.786384
-386.174117,34,1534.512538
160.821851,26,1535.223314
-683.554302,37,1536.618875
-451.90141,24,1537.267228
-49.533349,14,1538.291031
-1121.45783,48,1538.942966
-928.454346,39,1539.645473
-698.548725,26,1540.335268
-615.830874,33,1541.118205
-387.82051,24,1541.646199
-227.126944,26,1542.312548
-613.760612,22,1542.995557
37.208796,13,1544.205424
-786.582114,30,1545.118335
-576.607979,20,1545.71318
-481.253029,39,1546.264907
-668.018726,37,1547.001221
-516.541866,19,1547.62432
-871.856589,35,1548.468291
-790.965253,31,1548.92919
-200.480191,35,1549.728915
-431.387419,35,1550.428918
-822.739465,31,1551.720424
-258.892754,29,1552.455256
-787.701203,31,1553.057347
-703.605659,39,1553.621877
-488.995974,38,1554.414429
-338.583043,30,1555.302745
-1271.215215,55,1556.311863
-149.823749,24,1556.894967
-776.343228,38,1557.735095
-530.897245,30,1558.595623
-297.496461,27,1560.213868
-151.260658,19,1560.882847
-28.920731,29,1561.437808
-386.695064,24,1562.045502
-570.370758,18,1562.952936
-446.289478,16,1563.507802
-742.173689,36,1564.462922
-673.07824,38,1565.042646
-308.684301,16,1565.892553
-1054.279473,42,1566.622551
-622.387547,35,1569.14759
-750.232994,30,1570.29298
-381.416998,32,1571.767483
-327.265246,18,1573.048083
-869.758972,36,1574.302384
-197.905087,24,1575.195893
-583.922876,22,1576.186594
-647.06189,33,1577.908233
-275.502543,27,1579.147305
-585.349889,32,1580.219477
79.162389,11,1582.750722
-573.410321,44,1584.047532
-568.628281,29,1585.248301
-14.688116,24,1586.708348
-199.140178,26,1587.750456
-624.671137,31,1589.24151
-427.704669,24,1590.704208
-651.064195,34,1592.151078
-625.811065,20,1593.290387
-475.856346,25,1594.950608
-372.71267,20,1597.769545
-633.582909,34,1598.995914
-231.821267,27,1599.96275
-321.651702,19,1601.031683
-541.075474,21,1602.363415
-597.271764,33,1603.486932
-269.277441,16,1604.696812
-645.840355,22,1606.218969
-345.816934,20,1607.430993
-453.752913,25,1608.752182
-1232.388053,52,1611.280644
-107.975152,21,1612.23011
-65.392648,17,1613.861363
-247.293161,17,1614.78103
-1214.020072,50,1616.150879
-350.260973,20,1617.210782
-31.610222,16,1618.38009
-662.084814,25,1619.463221
-329.816199,18,1620.921032
-7.37359,13,1622.078163
-1569.787694,71,1624.515918
-362.97357,22,1625.438291
38.707046,25,1626.822981
-979.639049,39,1627.95928
-705.212722,36,1629.186552
-628.985435,22,1630.53097
-1196.021732,53,1631.618903
-479.026696,15,1632.997299
-305.294627,19,1633.904284
-552.234736,43,1634.887993
-1041.307862,43,1637.2855
95.973012,22,1638.270488
-579.285586,19,1639.586379
-695.085195,36,1641.299318
-692.861597,27,1642.634657
-355.914575,22,1643.571198
-677.852616,23,1645.330384
-220.385311,11,1646.852546
-559.016612,21,1647.934936
-462.120554,27,1648.894282
-710.885659,27,1651.365167
-482.753029,14,1652.917654
-696.0277,26,1654.222354
-487.793487,25,1655.431983
223.981484,14,1656.787836
-595.598316,32,1658.069645
-273.563192,19,1659.053074
-667.333312,36,1660.351134
-51.910037,16,1661.498838
-722.347372,24,1663.251941
-245.411331,16,1665.446464
-574.046383,23,1666.236111
-666.61031,22,1667.595326
-533.574312,31,1668.915961
-87.627431,19,1669.971318
-558.073964,32,1671.085004
-672.542729,25,1672.402407
-373.953254,20,1673.6366
99.190426,22,1674.904293
-507.709761,17,1675.786814
-395.887994,25,1678.291905
-414.489418,23,1679.54894
-559.940022,31,1680.581777
-821.844596,31,1681.985364
-333.020511,30,1683.116182
-385.499213,20,1684.573284
-141.029307,20,1685.832414
379.610529,16,1687.229006
-460.687572,16,1688.306809
-104.80379,20,1689.301005
-399.426446,21,1691.704492
-551.0877,20,1692.582201
-807.356392,31,1693.520062
-551.743138,18,1694.732782
-963.431711,52,1696.088535
-566.917493,30,1697.62533
-87.712564,20,1698.473529
-425.315686,24,1699.447337
-243.196116,16,1700.339726
56.460621,23,1701.363867
-352.665191,21,1703.967993
-185.798586,23,1705.475228
-650.176664,25,1706.699686
-572.79136,44,1707.553357
-565.602201,20,1708.473325
-447.314149,15,1709.829869
-201.149042,21,1711.15845
-639.921624,33,1712.321663
-585.768836,22,1713.42762
-597.740187,20,1715.058673
-452.088887,24,1717.62061
-497.842458,28,1718.531667
-36.996425,19,1719.410889
-299.48158,18,1720.50893
-284.408753,17,1721.955297
-569.211694,32,1723.100692
-596.249313,32,1724.246463
-278.465094,19,1725.298953
-455.939151,38,1726.179994
-898.658523,38,1727.293821
-433.208608,13,1729.699297
-655.707421,25,1730.735644
-747.802275,30,1731.803096
191.528312,16,1732.871274
192.926801,16,1733.814979
-402.258868,24,1735.021791
-492.656908,18,1735.995614
-520.100425,15,1737.299436
-567.881571,19,1738.70199
-463.48467,36,1740.130893
-446.864704,14,1742.848176
-695.763217,28,1743.678599
-776.166868,28,1745.089295
-358.927666,34,1746.066441
-908.47414,36,1747.160431
-631.606548,21,1748.415861
-278.384463,29,1749.376887
-685.652916,36,1750.426117
-641.398062,25,1751.334691
-476.305306,37,1752.671422
-344.830889,19,1755.263916
-129.254399,21,1756.423337
-662.601466,20,1757.727188
-545.890193,31,1758.903634
-98.543306,19,1760.207403
-272.125031,17,1761.367378
95.659674,18,1762.640633
-313.667889,18,1764.133867
-555.167983,21,1765.230031
-93.267886,16,1766.470674
-750.588976,28,1769.112378
-341.979759,21,1770.367618
-199.794586,23,1771.497926
-43.400103,17,1772.521192
-223.334826,26,1773.536932
-505.56692,15,1775.09413
-701.218343,24,1776.557636
-594.31631,23,1777.452664
-131.337241,22,1778.228193
-1018.012732,41,1779.447161
-473.569169,27,1782.362408
-165.790732,23,1783.320283
-288.001245,20,1784.291685
-1095.992713,45,1785.32584
-442.853941,16,1786.049178
-958.466118,50,1787.117599
-388.08375,21,1788.798569
-773.579632,31,1789.737481
-122.872548,21,1790.616783
-161.119774,23,1791.512453
-136.81487,21,1794.041129
137.644709,29,1795.691714
-433.847242,37,1796.806823
178.542607,16,1797.81232
-343.123877,20,1798.850563
-585.43579,19,1800.120878
-709.530838,25,1801.390746
-772.888385,30,1802.599974
-932.11584,40,1803.459219
-788.827415,31,1804.34268
-764.717039,42,1806.902009
-279.892023,15,1808.474592
-133.019103,20,1809.777975
-179.48003,21,1811.022082
-626.562039,26,1812.234826
-505.004662,30,1813.426664
-632.506659,31,1814.791153
-184.84279,24,1815.986202
-661.306724,38,1816.958976
-461.828734,24,1818.419806
-536.484868,40,1821.403428
-803.480072,29,1822.991657
-672.665906,23,1824.148634
-772.458496,30,1825.484396
-439.974225,22,1826.973797
-261.558509,19,1827.773419
-11.240138,14,1828.856136
-554.813392,29,1829.93923
-1108.227227,47,1831.555623
-625.523778,33,1832.905938
-625.222384,20,1835.507296
-189.093608,25,1836.320482
-802.279576,28,1838.018447
-53.920519,29,1839.00566
-85.217679,19,1840.27626
-353.592758,19,1841.344279
-269.383318,15,1842.758855
-476.157482,17,1843.856631
171.437735,17,1844.861604
38.14563,13,1845.78856
-471.280393,38,1848.222952
-595.220261,20,1849.142291
-607.591656,24,1850.124617
-558.025469,18,1851.552576
-138.028353,21,1852.601369
-314.395334,30,1853.782086
-760.061714,26,1855.63
-608.756953,20,1856.745448
-504.518493,27,1857.907324
-164.736178,20,1859.146729
-509.999115,17,1861.785589
-374.301058,22,1862.917301
-53.681014,16,1864.048102
-328.978381,21,1864.8638
-329.498745,20,1866.282186
-658.806816,35,1867.639333
-272.200292,25,1869.207496
-520.395594,31,1870.322207
-216.209343,25,1871.780751
-868.120618,37,1872.832952
-106.99204,19,1875.468231
-358.533783,20,1876.708271
-892.530321,34,1877.841539
-645.455832,35,1879.376943
-1440.756256,59,1880.838243
-453.561082,24,1882.094397
-300.189995,18,1883.098921
-363.807543,22,1884.386114
-1001.798143,43,1885.4856
-340.231118,20,1886.537991
-902.549725,36,1888.877274
-609.162101,21,1890.131803
-9.517013,14,1891.560261
-410.248733,22,1893.130639
-985.122213,42,1894.058027
-455.741521,26,1894.906308
-229.864227,22,1896.538546
-193.417543,25,1897.440725
-910.485904,58,1898.598798
-671.392416,38,1899.632973
-419.470904,22,1902.462586
-550.818455,19,1903.856247
-813.008148,53,1905.191139
-390.016954,21,1906.398434
-402.16959,21,1907.483264
-419.630054,32,1909.035718
-316.279531,20,1910.117524
-312.996174,18,1911.122418
14.878957,26,1911.984858
-428.206555,22,1913.270519
-434.225989,26,1916.062473
-582.619455,20,1917.164871
-529.789219,30,1918.296134
-199.986601,25,1919.331795
-524.104711,28,1920.350857
-762.241928,32,1921.543747
-473.624913,26,1922.717537
-321.044465,32,1923.611917
-534.006015,27,1924.759696
-227.698173,14,1925.733856
-849.342849,35,1928.578835
-521.840339,17,1929.722749
-490.081279,26,1931.000336
-200.168147,14,1932.141548
-667.792343,24,1933.427266
-694.796755,23,1934.949202
-703.021226,26,1935.922999
-545.617481,19,1937.226795
-272.498802,16,1938.627618
-1359.4658,72,1939.825535
-1096.726122,58,1942.557863
-429.29773,24,1943.856659
-131.446923,22,1944.972485
-261.905589,25,1946.165704
-599.958218,19,1947.388057
-582.726359,21,1948.393853
-447.69775,22,1950.153323
-364.419297,21,1950.799614
-751.103457,25,1951.636014
-102.640425,19,1952.309017
-738.41362,41,1953.500128
-257.488808,25,1954.129623
-700.733813,25,1954.785046
-440.407604,15,1955.526417
-790.077117,32,1956.47217
-781.600734,28,1957.947093
-701.836635,28,1958.672102
-564.993622,19,1959.904141
-553.62609,30,1961.230342
-347.206077,24,1962.2314
-21.347259,16,1964.434036
-923.598905,58,1965.896504
-296.076763,18,1967.053439
-777.283202,29,1968.584322
-211.384048,14,1969.461598
-373.183258,22,1970.414124
-610.356632,21,1971.758773
-321.861821,20,1972.608275
161.21381,19,1973.406399
-256.707612,27,1974.799816
-594.155675,21,1977.350201
-1387.349626,62,1978.521882
-266.518673,29,1979.743829
117.532503,20,1980.884012
52.132088,26,1981.647782
-242.835316,17,1982.758603
-512.924972,19,1983.57023
-354.790106,21,1984.749842
-899.803395,35,1985.779226
65.696766,12,1987.177511
-584.976823,21,1989.921575
-342.002378,19,1990.900099
-863.081063,35,1992.077557
-335.206797,21,1992.873401
-462.434268,24,1994.454175
346.991347,19,1995.306309
-582.450043,30,1996.593215
-36.708203,13,1998.406837
-199.642022,12,1999.425693
-233.191843,15,2000.44524
-172.07321,23,2002.697393
-452.544641,26,2004.029222
-518.517263,29,2005.021886
-380.363889,23,2005.924482
-389.36934,33,2007.132712
-498.849776,17,2008.098191
-351.776335,20,2009.622447
177.770998,16,2010.785471
-361.451378,31,2012.017122
-529.723163,29,2013.047575
-687.310602,26,2015.971269
-223.306095,22,2017.490497
-762.906857,29,2018.606935
-547.410384,16,2019.839951
-544.038126,16,2020.935745
-124.181795,20,2022.12301
-153.911991,20,2023.50896
-512.363279,27,2024.597225
-340.751275,19,2025.959866
-918.141264,35,2027.468965
-550.564826,20,2029.875113
-719.840153,26,2031.155239
-222.715508,17,2031.925743
-593.483809,18,2033.316364
-505.934561,29,2034.855309
-672.349819,28,2035.944409
-305.399758,17,2036.880125
-1.530784,15,2037.601622
