origin_lat,origin_lng,dest_lat,dest_lng,distance_km,center_lat,center_lng,lat_diff,lng_diff,hour,day_of_week,month,is_weekend,is_rush_hour,is_night,temperature,humidity,weather_condition,wind_speed,visibility,package_weight,weight_factor,travel_time_minutes,route_id
13.3409,74.7421,13.3512,74.7403,1.1606269555717366,13.34605,74.74119999999999,0.010300000000000864,-0.0017999999999886995,20,4,4,0,0,0,33.6,83,clear,0.9410238356356315,11.626189754879181,2.5,1.0,3.3243271064634614,0
13.3409,74.7421,13.3512,74.7403,1.1606269555717366,13.34605,74.74119999999999,0.010300000000000864,-0.0017999999999886995,17,5,5,1,1,0,22.8,77,clear,3.409898873679095,12.413378926002155,2.5,1.0,3.5017513637050386,0
13.3409,74.7421,13.3512,74.7403,1.1606269555717366,13.34605,74.74119999999999,0.010300000000000864,-0.0017999999999886995,1,1,4,0,0,0,31.2,79,clouds,1.6951039481489463,11.223861620405172,2.5,1.0,3.516604851927174,0
13.3409,74.7421,13.3512,74.7403,1.1606269555717366,13.34605,74.74119999999999,0.010300000000000864,-0.0017999999999886995,20,3,4,0,0,0,30.0,70,clouds,0.8123835862703999,8.724011928573223,2.5,1.0,2.9710813322121035,0
13.3409,74.7421,13.3512,74.7403,1.1606269555717366,13.34605,74.74119999999999,0.010300000000000864,-0.0017999999999886995,21,5,4,1,0,0,28.8,94,clear,0.571207300988661,6.994480956675569,2.5,1.0,2.9344106787531814,0
13.3409,74.7421,13.3512,74.7403,1.1606269555717366,13.34605,74.74119999999999,0.010300000000000864,-0.0017999999999886995,0,6,5,1,0,0,32.2,79,clouds,0.8948252506005139,12.290408120570916,2.5,1.0,3.371392633849,0
13.3409,74.7421,13.3512,74.7403,1.1606269555717366,13.34605,74.74119999999999,0.010300000000000864,-0.0017999999999886995,23,4,5,0,0,0,36.1,90,clear,4.402421275236265,10.870885993460849,2.5,1.0,3.519409437296969,0
13.3409,74.7421,13.3512,74.7403,1.1606269555717366,13.34605,74.74119999999999,0.010300000000000864,-0.0017999999999886995,20,2,4,0,0,0,37.4,78,clear,2.611359204877331,12.531910538708864,2.5,1.0,2.9938729937605935,0
13.3409,74.7421,13.3512,74.7403,1.1606269555717366,13.34605,74.74119999999999,0.010300000000000864,-0.0017999999999886995,7,2,4,0,1,0,33.0,88,clear,0.19641677631757465,10.79606264220723,2.5,1.0,3.553238314778447,0
13.3409,74.7421,13.3512,74.7403,1.1606269555717366,13.34605,74.74119999999999,0.010300000000000864,-0.0017999999999886995,1,0,5,0,0,0,38.6,67,clear,7.9576681446623425,10.791171043736576,2.5,1.0,2.8374536778949726,0
13.3409,74.7421,13.3512,74.7403,1.1606269555717366,13.34605,74.74119999999999,0.010300000000000864,-0.0017999999999886995,5,2,5,0,0,0,29.4,76,clear,7.829345984939482,13.158606873744441,2.5,1.0,2.690347396632122,0
13.3409,74.7421,13.3512,74.7403,1.1606269555717366,13.34605,74.74119999999999,0.010300000000000864,-0.0017999999999886995,7,0,5,0,1,0,29.6,91,clouds,7.153537967706834,11.158031038359475,2.5,1.0,4.234554989658995,0
13.3409,74.7421,13.3512,74.7403,1.1606269555717366,13.34605,74.74119999999999,0.010300000000000864,-0.0017999999999886995,5,2,4,0,0,0,34.2,78,clouds,2.9353087091387224,7.347296573000446,2.5,1.0,2.870575770574137,0
13.3409,74.7421,13.3512,74.7403,1.1606269555717366,13.34605,74.74119999999999,0.010300000000000864,-0.0017999999999886995,1,3,5,0,0,0,32.3,72,clear,2.3482266190897,7.57772938198423,2.5,1.0,4.039442319926953,0
13.3409,74.7421,13.3512,74.7403,1.1606269555717366,13.34605,74.74119999999999,0.010300000000000864,-0.0017999999999886995,22,3,4,0,0,0,27.4,79,clouds,2.052108197749446,12.959161848866174,2.5,1.0,2.925854264408946,0
13.3409,74.7421,13.3512,74.7403,1.1606269555717366,13.34605,74.74119999999999,0.010300000000000864,-0.0017999999999886995,23,5,4,1,0,0,32.3,94,clear,3.7559626709617215,10.287832348182265,2.5,1.0,2.9755045297473335,0
13.3409,74.7421,13.3512,74.7403,1.1606269555717366,13.34605,74.74119999999999,0.010300000000000864,-0.0017999999999886995,3,3,4,0,0,0,27.2,69,clear,1.5775902658710006,14.660877126538166,2.5,1.0,3.259793892494585,0
13.3409,74.7421,13.3512,74.7403,1.1606269555717366,13.34605,74.74119999999999,0.010300000000000864,-0.0017999999999886995,3,3,4,0,0,0,21.9,79,clear,2.8631482992652297,14.992088622978367,2.5,1.0,3.470357746002375,0
13.3409,74.7421,13.3512,74.7403,1.1606269555717366,13.34605,74.74119999999999,0.010300000000000864,-0.0017999999999886995,5,3,4,0,0,0,29.2,92,clear,0.32346617572822295,10.79470438938937,2.5,1.0,3.0083300481194333,0
13.3409,74.7421,13.3512,74.7403,1.1606269555717366,13.34605,74.74119999999999,0.010300000000000864,-0.0017999999999886995,23,6,4,1,0,0,25.0,85,clear,0.6185675746497178,11.748426159800704,2.5,1.0,3.3846230840175626,0
13.3409,74.7421,13.3512,74.7403,1.1606269555717366,13.34605,74.74119999999999,0.010300000000000864,-0.0017999999999886995,1,0,4,0,0,0,31.1,85,clear,4.090660538504292,13.232431633936121,2.5,1.0,4.358692758735475,0
13.3409,74.7421,13.3512,74.7403,1.1606269555717366,13.34605,74.74119999999999,0.010300000000000864,-0.0017999999999886995,1,3,4,0,0,0,32.3,66,clear,1.966612012228713,12.146635934376807,2.5,1.0,2.764585325929112,0
13.3409,74.7421,13.3512,74.7403,1.1606269555717366,13.34605,74.74119999999999,0.010300000000000864,-0.0017999999999886995,17,3,4,0,1,0,30.3,89,clear,1.628628648768021,11.538130939582643,2.5,1.0,3.7424890713574386,0
13.3409,74.7421,13.3512,74.7403,1.1606269555717366,13.34605,74.74119999999999,0.010300000000000864,-0.0017999999999886995,22,5,5,1,0,0,24.9,84,clear,2.444625200763099,13.033338617296245,2.5,1.0,2.4273860370837155,0
13.3409,74.7421,13.3512,74.7403,1.1606269555717366,13.34605,74.74119999999999,0.010300000000000864,-0.0017999999999886995,4,6,4,1,0,0,29.6,87,clear,4.825045848911868,11.103945720399539,2.5,1.0,2.572852599714135,0
13.3409,74.7421,13.3512,74.7403,1.1606269555717366,13.34605,74.74119999999999,0.010300000000000864,-0.0017999999999886995,5,5,5,1,0,0,26.1,78,clouds,2.250090711979861,12.212860455383794,2.5,1.0,2.149836819375536,0
13.3409,74.7421,13.3512,74.7403,1.1606269555717366,13.34605,74.74119999999999,0.010300000000000864,-0.0017999999999886995,5,3,5,0,0,0,29.8,65,clear,0.23551760001925498,10.34268392732441,2.5,1.0,2.605703921384665,0
13.3409,74.7421,13.3512,74.7403,1.1606269555717366,13.34605,74.74119999999999,0.010300000000000864,-0.0017999999999886995,6,3,4,0,0,0,31.7,65,clear,0.8786409359283459,14.543110189988317,2.5,1.0,3.2353885959574895,0
13.3409,74.7421,13.3512,74.7403,1.1606269555717366,13.34605,74.74119999999999,0.010300000000000864,-0.0017999999999886995,3,0,4,0,0,0,31.0,65,clear,3.8276214472509666,14.49961063882243,2.5,1.0,2.485373042811713,0
13.3409,74.7421,13.3512,74.7403,1.1606269555717366,13.34605,74.74119999999999,0.010300000000000864,-0.0017999999999886995,21,6,4,1,0,0,26.4,80,clear,3.0091491259751404,10.125288635553359,2.5,1.0,3.0491978229006484,0
13.3409,74.7421,13.3512,74.7403,1.1606269555717366,13.34605,74.74119999999999,0.010300000000000864,-0.0017999999999886995,23,2,4,0,0,0,24.0,92,clouds,7.244709386492161,9.00268119698609,2.5,1.0,2.619240633158055,0
13.3409,74.7421,13.3512,74.7403,1.1606269555717366,13.34605,74.74119999999999,0.010300000000000864,-0.0017999999999886995,19,6,3,1,1,0,28.1,94,clear,5.921312453878505,14.031373890126968,2.5,1.0,3.827273282644848,0
13.3409,74.7421,13.3512,74.7403,1.1606269555717366,13.34605,74.74119999999999,0.010300000000000864,-0.0017999999999886995,21,4,5,0,0,0,28.9,81,clear,2.1551343977607944,13.739480880456826,2.5,1.0,3.6840804776554603,0
13.3409,74.7421,13.3512,74.7403,1.1606269555717366,13.34605,74.74119999999999,0.010300000000000864,-0.0017999999999886995,23,1,4,0,0,0,23.8,87,clouds,5.187771966289499,12.201634844508105,2.5,1.0,2.9436554684295926,0
13.3409,74.7421,13.3512,74.7403,1.1606269555717366,13.34605,74.74119999999999,0.010300000000000864,-0.0017999999999886995,2,5,4,1,0,0,26.3,70,clouds,0.6936075825136075,15.241066890331755,2.5,1.0,2.714758293664563,0
13.3409,74.7421,13.3512,74.7403,1.1606269555717366,13.34605,74.74119999999999,0.010300000000000864,-0.0017999999999886995,21,5,5,1,0,0,27.7,94,clear,0.14431399287593166,14.286131805779839,2.5,1.0,3.2757781667588706,0
13.3409,74.7421,13.3512,74.7403,1.1606269555717366,13.34605,74.74119999999999,0.010300000000000864,-0.0017999999999886995,22,1,5,0,0,0,28.1,93,clear,1.021956575862438,14.68262383940027,2.5,1.0,2.752309016774816,0
13.3409,74.7421,13.3512,74.7403,1.1606269555717366,13.34605,74.74119999999999,0.010300000000000864,-0.0017999999999886995,0,2,5,0,0,0,31.1,86,clouds,0.725986839732142,11.763353154638018,2.5,1.0,3.249635700783035,0
13.3409,74.7421,13.3512,74.7403,1.1606269555717366,13.34605,74.74119999999999,0.010300000000000864,-0.0017999999999886995,7,6,5,1,1,0,28.9,91,clear,1.2204956338143012,11.295654032800819,2.5,1.0,3.7137077461425005,0
13.3409,74.7421,13.3512,74.7403,1.1606269555717366,13.34605,74.74119999999999,0.010300000000000864,-0.0017999999999886995,0,0,4,0,0,0,32.1,89,clear,5.129471095713588,15.202476454284081,2.5,1.0,3.0388427052793334,0
13.3409,74.7421,13.3512,74.7403,1.1606269555717366,13.34605,74.74119999999999,0.010300000000000864,-0.0017999999999886995,4,0,5,0,0,0,26.6,81,clear,9.001471959368288,9.361304221725188,2.5,1.0,3.9385647249733444,0
13.3409,74.7421,13.3512,74.7403,1.1606269555717366,13.34605,74.74119999999999,0.010300000000000864,-0.0017999999999886995,0,0,4,0,0,0,31.2,86,clouds,11.823861181143993,14.161561451109243,2.5,1.0,3.247623792911158,0
13.3409,74.7421,13.3512,74.7403,1.1606269555717366,13.34605,74.74119999999999,0.010300000000000864,-0.0017999999999886995,1,2,4,0,0,0,29.5,78,clear,3.939395703715575,11.614440425522783,2.5,1.0,2.9787899306137255,0
13.3409,74.7421,13.3512,74.7403,1.1606269555717366,13.34605,74.74119999999999,0.010300000000000864,-0.0017999999999886995,23,0,5,0,0,0,29.1,82,clear,3.103083791216214,12.059512278991491,2.5,1.0,2.988569451257233,0
13.3409,74.7421,13.3512,74.7403,1.1606269555717366,13.34605,74.74119999999999,0.010300000000000864,-0.0017999999999886995,7,5,4,1,1,0,33.1,87,clear,2.548896063300319,12.350842150600226,2.5,1.0,3.341476667804871,0
13.3409,74.7421,13.3512,74.7403,1.1606269555717366,13.34605,74.74119999999999,0.010300000000000864,-0.0017999999999886995,1,6,4,1,0,0,30.1,94,clear,1.8593714962979053,13.779261591246874,2.5,1.0,3.2843457870527226,0
13.3409,74.7421,13.3512,74.7403,1.1606269555717366,13.34605,74.74119999999999,0.010300000000000864,-0.0017999999999886995,7,4,5,0,1,0,28.2,67,clear,0.028592120617229724,11.951445440216116,2.5,1.0,5.594882992541585,0
13.3409,74.7421,13.3512,74.7403,1.1606269555717366,13.34605,74.74119999999999,0.010300000000000864,-0.0017999999999886995,0,0,4,0,0,0,27.2,71,clear,3.953349057116877,14.906768954235401,2.5,1.0,3.4033512426036774,0
13.3409,74.7421,13.3512,74.7403,1.1606269555717366,13.34605,74.74119999999999,0.010300000000000864,-0.0017999999999886995,19,4,5,0,1,0,25.8,94,clear,0.9741406373194624,11.509860763367326,2.5,1.0,3.9151387950982324,0
13.3409,74.7421,13.3512,74.7403,1.1606269555717366,13.34605,74.74119999999999,0.010300000000000864,-0.0017999999999886995,5,2,4,0,0,0,32.9,78,clouds,7.021607614435873,11.572022311548983,2.5,1.0,3.250521630806314,0
13.3409,74.7421,13.3601,74.7501,2.3088000000003825,13.3505,74.7461,0.019199999999999662,0.008000000000009777,1,4,5,0,0,0,35.5,77,clear,0.1442491177392137,11.16826531717643,5.0,1.1,8.022314648156076,1
13.3409,74.7421,13.3601,74.7501,2.3088000000003825,13.3505,74.7461,0.019199999999999662,0.008000000000009777,20,6,5,1,0,0,35.7,94,rain,6.8318091853896865,6.858507412501048,5.0,1.1,5.132770302689376,1
13.3409,74.7421,13.3601,74.7501,2.3088000000003825,13.3505,74.7461,0.019199999999999662,0.008000000000009777,22,4,5,0,0,0,32.8,78,clouds,1.8343261080179067,9.012340717571519,5.0,1.1,6.775658335289719,1
13.3409,74.7421,13.3601,74.7501,2.3088000000003825,13.3505,74.7461,0.019199999999999662,0.008000000000009777,1,6,4,1,0,0,30.1,72,rain,3.986484735141188,8.668913579974049,5.0,1.1,5.9367514786841955,1
13.3409,74.7421,13.3601,74.7501,2.3088000000003825,13.3505,74.7461,0.019199999999999662,0.008000000000009777,1,4,5,0,0,0,25.2,90,clear,9.820152260351758,12.08654338948858,5.0,1.1,6.326985195264293,1
13.3409,74.7421,13.3601,74.7501,2.3088000000003825,13.3505,74.7461,0.019199999999999662,0.008000000000009777,2,0,5,0,0,0,31.7,77,clouds,2.2097948355650985,15.693414651472068,5.0,1.1,6.351246243810726,1
13.3409,74.7421,13.3601,74.7501,2.3088000000003825,13.3505,74.7461,0.019199999999999662,0.008000000000009777,0,0,4,0,0,0,31.9,75,clear,7.981654776597043,12.635610338403769,5.0,1.1,7.1510298654521,1
13.3409,74.7421,13.3601,74.7501,2.3088000000003825,13.3505,74.7461,0.019199999999999662,0.008000000000009777,23,1,5,0,0,0,28.3,75,clear,7.180856495351385,12.293427372866645,5.0,1.1,6.5025647490776715,1
13.3409,74.7421,13.3601,74.7501,2.3088000000003825,13.3505,74.7461,0.019199999999999662,0.008000000000009777,20,1,4,0,0,0,30.0,77,clouds,11.919490403923223,9.280287718040162,5.0,1.1,6.677196335945238,1
13.3409,74.7421,13.3601,74.7501,2.3088000000003825,13.3505,74.7461,0.019199999999999662,0.008000000000009777,8,2,5,0,1,0,26.4,71,clear,9.889863833302996,10.659136865907481,5.0,1.1,10.963706743269093,1
13.3409,74.7421,13.3601,74.7501,2.3088000000003825,13.3505,74.7461,0.019199999999999662,0.008000000000009777,4,5,4,1,0,0,29.8,91,clear,4.421894058652392,11.53201866619567,5.0,1.1,6.064145224473452,1
13.3409,74.7421,13.3601,74.7501,2.3088000000003825,13.3505,74.7461,0.019199999999999662,0.008000000000009777,3,6,4,1,0,0,30.5,71,clear,5.169717644665994,10.948389225374086,5.0,1.1,5.425308272130434,1
13.3409,74.7421,13.3601,74.7501,2.3088000000003825,13.3505,74.7461,0.019199999999999662,0.008000000000009777,7,3,5,0,1,0,35.5,78,clear,8.663521181233389,14.59731946832867,5.0,1.1,9.484340158221212,1
13.3409,74.7421,13.3601,74.7501,2.3088000000003825,13.3505,74.7461,0.019199999999999662,0.008000000000009777,20,1,4,0,0,0,34.5,91,clouds,9.909761842671234,14.621087649384426,5.0,1.1,5.225267503287102,1
13.3409,74.7421,13.3601,74.7501,2.3088000000003825,13.3505,74.7461,0.019199999999999662,0.008000000000009777,4,5,5,1,0,0,24.7,70,clouds,1.7517956293219283,9.766828391492306,5.0,1.1,7.5470603325351,1
13.3409,74.7421,13.3601,74.7501,2.3088000000003825,13.3505,74.7461,0.019199999999999662,0.008000000000009777,7,1,5,0,1,0,28.3,76,clear,1.913321684588242,11.541194794539296,5.0,1.1,7.2298006664486625,1
13.3409,74.7421,13.3601,74.7501,2.3088000000003825,13.3505,74.7461,0.019199999999999662,0.008000000000009777,1,4,4,0,0,0,30.8,79,clear,2.2673306937302904,13.027670386131092,5.0,1.1,5.583226191358889,1
13.3409,74.7421,13.3601,74.7501,2.3088000000003825,13.3505,74.7461,0.019199999999999662,0.008000000000009777,19,6,5,1,1,0,25.9,81,clouds,0.8532221427484563,11.90046698070183,5.0,1.1,8.881758733605652,1
13.3409,74.7421,13.3601,74.7501,2.3088000000003825,13.3505,74.7461,0.019199999999999662,0.008000000000009777,23,6,4,1,0,0,26.3,85,clear,1.7034937600370288,15.925645268090918,5.0,1.1,5.539001131007214,1
13.3409,74.7421,13.3601,74.7501,2.3088000000003825,13.3505,74.7461,0.019199999999999662,0.008000000000009777,7,2,4,0,1,0,32.1,65,rain,7.1519924367469745,5.81274210787321,5.0,1.1,9.110524149978751,1
13.3409,74.7421,13.3601,74.7501,2.3088000000003825,13.3505,74.7461,0.019199999999999662,0.008000000000009777,23,1,4,0,0,0,24.4,86,clear,1.2740197819082804,12.125005466498951,5.0,1.1,5.217699909894491,1
13.3409,74.7421,13.3601,74.7501,2.3088000000003825,13.3505,74.7461,0.019199999999999662,0.008000000000009777,5,4,5,0,0,0,28.3,66,rain,0.6726539719360364,6.536245828739566,5.0,1.1,4.665634213190675,1
13.3409,74.7421,13.3601,74.7501,2.3088000000003825,13.3505,74.7461,0.019199999999999662,0.008000000000009777,18,6,5,1,1,0,33.7,70,clear,2.8760651971450515,8.932502548580327,5.0,1.1,8.357267954485245,1
13.3409,74.7421,13.3601,74.7501,2.3088000000003825,13.3505,74.7461,0.019199999999999662,0.008000000000009777,0,3,4,0,0,0,26.7,91,clear,3.243674063541275,14.178019963569547,5.0,1.1,7.135483433771414,1
13.3409,74.7421,13.3601,74.7501,2.3088000000003825,13.3505,74.7461,0.019199999999999662,0.008000000000009777,20,6,4,1,0,0,27.2,73,clear,1.732003408767914,13.300563149919405,5.0,1.1,7.388436022771544,1
13.3409,74.7421,13.3601,74.7501,2.3088000000003825,13.3505,74.7461,0.019199999999999662,0.008000000000009777,5,3,4,0,0,0,24.9,87,clear,0.13393054203498642,10.94140352490756,5.0,1.1,8.003764950933904,1
13.3409,74.7421,13.3601,74.7501,2.3088000000003825,13.3505,74.7461,0.019199999999999662,0.008000000000009777,18,6,5,1,1,0,30.5,74,clear,0.7475430273311247,9.310629149512131,5.0,1.1,8.918223850570678,1
13.3409,74.7421,13.3601,74.7501,2.3088000000003825,13.3505,74.7461,0.019199999999999662,0.008000000000009777,5,5,4,1,0,0,32.7,84,clouds,3.9880446276295984,13.746317097238297,5.0,1.1,5.990081255282829,1
13.3409,74.7421,13.3601,74.7501,2.3088000000003825,13.3505,74.7461,0.019199999999999662,0.008000000000009777,4,4,4,0,0,0,30.6,90,clouds,2.000502910797642,8.734095438916032,5.0,1.1,7.796938737619207,1
13.3409,74.7421,13.3601,74.7501,2.3088000000003825,13.3505,74.7461,0.019199999999999662,0.008000000000009777,3,0,5,0,0,0,26.3,85,clouds,0.42319688910798126,7.430360855348856,5.0,1.1,5.451812876173703,1
13.3409,74.7421,13.3601,74.7501,2.3088000000003825,13.3505,74.7461,0.019199999999999662,0.008000000000009777,21,5,4,1,0,0,34.8,66,clear,5.780369303269974,8.699017579924476,5.0,1.1,4.900646097019245,1
13.3409,74.7421,13.3601,74.7501,2.3088000000003825,13.3505,74.7461,0.019199999999999662,0.008000000000009777,6,2,5,0,0,0,35.2,71,clear,1.4882127190904206,13.769452843508274,5.0,1.1,6.2694084509491095,1
13.3409,74.7421,13.3601,74.7501,2.3088000000003825,13.3505,74.7461,0.019199999999999662,0.008000000000009777,4,6,5,1,0,0,28.6,76,clear,10.5018313632732,8.888202699020209,5.0,1.1,6.2102893587330055,1
13.3409,74.7421,13.3601,74.7501,2.3088000000003825,13.3505,74.7461,0.019199999999999662,0.008000000000009777,22,0,3,0,0,0,36.8,73,clear,0.857907710927553,10.820042819171112,5.0,1.1,5.564585483357543,1
13.3409,74.7421,13.3601,74.7501,2.3088000000003825,13.3505,74.7461,0.019199999999999662,0.008000000000009777,4,6,5,1,0,0,22.9,75,clouds,3.2701875754412972,14.429018570610696,5.0,1.1,4.344830207477563,1
13.3409,74.7421,13.3601,74.7501,2.3088000000003825,13.3505,74.7461,0.019199999999999662,0.008000000000009777,0,0,5,0,0,0,35.3,84,clear,0.17634332018988813,16.615583389992135,5.0,1.1,6.840705252798867,1
13.3409,74.7421,13.3601,74.7501,2.3088000000003825,13.3505,74.7461,0.019199999999999662,0.008000000000009777,20,6,5,1,0,0,25.9,85,clear,0.32713173018097785,15.43151201601249,5.0,1.1,4.507003247642792,1
13.3409,74.7421,13.3601,74.7501,2.3088000000003825,13.3505,74.7461,0.019199999999999662,0.008000000000009777,22,3,4,0,0,0,32.7,88,clear,2.01325649852658,12.692976951795986,5.0,1.1,7.67619758327528,1
13.3409,74.7421,13.3601,74.7501,2.3088000000003825,13.3505,74.7461,0.019199999999999662,0.008000000000009777,22,6,5,1,0,0,29.5,72,rain,0.2958191811653609,6.7524620786083895,5.0,1.1,4.769399144691212,1
13.3409,74.7421,13.3601,74.7501,2.3088000000003825,13.3505,74.7461,0.019199999999999662,0.008000000000009777,7,3,4,0,1,0,27.6,82,clouds,6.095498728103734,11.946411306728672,5.0,1.1,9.923580887560655,1
13.3409,74.7421,13.3601,74.7501,2.3088000000003825,13.3505,74.7461,0.019199999999999662,0.008000000000009777,17,2,5,0,1,0,29.6,78,clear,3.1600534070617092,12.605270930478067,5.0,1.1,8.342123325373045,1
13.3409,74.7421,13.3601,74.7501,2.3088000000003825,13.3505,74.7461,0.019199999999999662,0.008000000000009777,8,6,5,1,1,0,26.7,73,clear,3.1538551346356587,12.412381964058653,5.0,1.1,7.104706340696387,1
13.3409,74.7421,13.3601,74.7501,2.3088000000003825,13.3505,74.7461,0.019199999999999662,0.008000000000009777,6,1,5,0,0,0,30.8,73,clear,6.095398979101141,9.061840878727583,5.0,1.1,6.853014370424972,1
13.3409,74.7421,13.3601,74.7501,2.3088000000003825,13.3505,74.7461,0.019199999999999662,0.008000000000009777,1,5,4,1,0,0,23.9,85,clear,2.385537868884012,8.712518568823885,5.0,1.1,4.674001338404082,1
13.3409,74.7421,13.3601,74.7501,2.3088000000003825,13.3505,74.7461,0.019199999999999662,0.008000000000009777,17,2,4,0,1,0,33.0,74,clouds,2.0821145869725277,13.244793741046577,5.0,1.1,10.153527384792637,1
13.3409,74.7421,13.3601,74.7501,2.3088000000003825,13.3505,74.7461,0.019199999999999662,0.008000000000009777,22,6,3,1,0,0,24.4,66,clear,0.8473659027472138,8.93440829547531,5.0,1.1,4.5659691783384435,1
13.3409,74.7421,13.3601,74.7501,2.3088000000003825,13.3505,74.7461,0.019199999999999662,0.008000000000009777,7,6,5,1,1,0,31.4,91,clear,5.184553178701119,13.833256932315058,5.0,1.1,9.557684870518262,1
13.3409,74.7421,13.3601,74.7501,2.3088000000003825,13.3505,74.7461,0.019199999999999662,0.008000000000009777,4,2,5,0,0,0,28.2,66,clear,2.8819174154382043,13.10614655288096,5.0,1.1,5.438387091301137,1
13.3409,74.7421,13.3601,74.7501,2.3088000000003825,13.3505,74.7461,0.019199999999999662,0.008000000000009777,20,1,5,0,0,0,35.6,80,clear,3.7936725060972347,12.632400152409122,5.0,1.1,5.770066036102039,1
13.3409,74.7421,13.3601,74.7501,2.3088000000003825,13.3505,74.7461,0.019199999999999662,0.008000000000009777,1,3,4,0,0,0,25.1,77,clear,1.0498568717445942,13.102074604485075,5.0,1.1,5.3527415372547145,1
13.3409,74.7421,13.335,74.755,1.574557595008965,13.33795,74.74855,-0.005899999999998684,0.01290000000000191,2,5,5,1,0,0,28.4,86,clear,0.13314914783959836,12.943922666493219,1.2,1.0,3.9549607881993762,2
13.3409,74.7421,13.335,74.755,1.574557595008965,13.33795,74.74855,-0.005899999999998684,0.01290000000000191,23,3,5,0,0,0,34.3,79,clouds,1.5881322970007319,12.844026321413937,1.2,1.0,4.237959308649596,2
13.3409,74.7421,13.335,74.755,1.574557595008965,13.33795,74.74855,-0.005899999999998684,0.01290000000000191,0,5,5,1,0,0,26.2,82,clouds,5.714937580206474,14.057676590825624,1.2,1.0,3.806367234039853,2
13.3409,74.7421,13.335,74.755,1.574557595008965,13.33795,74.74855,-0.005899999999998684,0.01290000000000191,20,2,4,0,0,0,25.2,67,clouds,1.921049257954924,12.619641420454055,1.2,1.0,4.3166248002362755,2
13.3409,74.7421,13.335,74.755,1.574557595008965,13.33795,74.74855,-0.005899999999998684,0.01290000000000191,17,4,4,0,1,0,35.5,75,clear,1.4873479951956154,11.82343590329749,1.2,1.0,5.7864572055553465,2
13.3409,74.7421,13.335,74.755,1.574557595008965,13.33795,74.74855,-0.005899999999998684,0.01290000000000191,8,0,3,0,1,0,25.5,93,clouds,3.5372177259594437,15.792988766259123,1.2,1.0,8.120565501756477,2
13.3409,74.7421,13.335,74.755,1.574557595008965,13.33795,74.74855,-0.005899999999998684,0.01290000000000191,1,2,5,0,0,0,33.2,71,clouds,0.9232276236845272,14.261406617229003,1.2,1.0,3.87364143942936,2
13.3409,74.7421,13.335,74.755,1.574557595008965,13.33795,74.74855,-0.005899999999998684,0.01290000000000191,0,0,4,0,0,0,26.7,81,clouds,3.3223774663429824,11.604929548606064,1.2,1.0,4.385951789582041,2
13.3409,74.7421,13.335,74.755,1.574557595008965,13.33795,74.74855,-0.005899999999998684,0.01290000000000191,3,0,5,0,0,0,32.3,86,clear,1.8311570112669004,9.000825087594134,1.2,1.0,4.356855625161958,2
13.3409,74.7421,13.335,74.755,1.574557595008965,13.33795,74.74855,-0.005899999999998684,0.01290000000000191,18,4,5,0,1,0,30.4,68,rain,3.0232454017687527,6.638225435921837,1.2,1.0,5.337780743020038,2
13.3409,74.7421,13.335,74.755,1.574557595008965,13.33795,74.74855,-0.005899999999998684,0.01290000000000191,2,3,5,0,0,0,25.4,80,clear,1.073683240225222,11.959962201311143,1.2,1.0,4.164151129188198,2
13.3409,74.7421,13.335,74.755,1.574557595008965,13.33795,74.74855,-0.005899999999998684,0.01290000000000191,5,0,4,0,0,0,29.3,89,clouds,0.2926041331728762,13.560156359433165,1.2,1.0,4.158263279508775,2
13.3409,74.7421,13.335,74.755,1.574557595008965,13.33795,74.74855,-0.005899999999998684,0.01290000000000191,18,5,4,1,1,0,29.4,70,clear,0.19556510257929485,11.418387839711924,1.2,1.0,6.214530651070563,2
13.3409,74.7421,13.335,74.755,1.574557595008965,13.33795,74.74855,-0.005899999999998684,0.01290000000000191,18,0,5,0,1,0,30.3,75,clouds,0.9842771987872008,13.416178243713354,1.2,1.0,5.084126684379451,2
13.3409,74.7421,13.335,74.755,1.574557595008965,13.33795,74.74855,-0.005899999999998684,0.01290000000000191,20,2,4,0,0,0,33.4,86,clear,1.4880216966720075,6.969923094929986,1.2,1.0,4.177994721897164,2
13.3409,74.7421,13.335,74.755,1.574557595008965,13.33795,74.74855,-0.005899999999998684,0.01290000000000191,18,0,5,0,1,0,32.3,84,clouds,1.1681610683857155,13.199188226562988,1.2,1.0,5.981399482926738,2
13.3409,74.7421,13.335,74.755,1.574557595008965,13.33795,74.74855,-0.005899999999998684,0.01290000000000191,18,4,5,0,1,0,30.0,74,clouds,0.42650462629967834,16.929755271715365,1.2,1.0,6.696090277683485,2
13.3409,74.7421,13.335,74.755,1.574557595008965,13.33795,74.74855,-0.005899999999998684,0.01290000000000191,7,3,5,0,1,0,23.7,85,clear,1.9516083349212803,11.389550591290664,1.2,1.0,6.053746761395206,2
13.3409,74.7421,13.335,74.755,1.574557595008965,13.33795,74.74855,-0.005899999999998684,0.01290000000000191,1,2,4,0,0,0,29.2,92,clear,2.1165209243318994,10.121329212362491,1.2,1.0,5.1034764770717285,2
13.3409,74.7421,13.335,74.755,1.574557595008965,13.33795,74.74855,-0.005899999999998684,0.01290000000000191,8,4,4,0,1,0,21.4,83,clear,0.6387720557107108,14.512872684690379,1.2,1.0,5.067586206903897,2
13.3409,74.7421,13.335,74.755,1.574557595008965,13.33795,74.74855,-0.005899999999998684,0.01290000000000191,18,1,4,0,1,0,33.5,87,clear,0.4603255837007548,11.265551568090014,1.2,1.0,5.792780829838907,2
13.3409,74.7421,13.335,74.755,1.574557595008965,13.33795,74.74855,-0.005899999999998684,0.01290000000000191,23,6,5,1,0,0,35.1,72,clouds,2.865246229859621,14.696560131852797,1.2,1.0,3.7189974514256816,2
13.3409,74.7421,13.335,74.755,1.574557595008965,13.33795,74.74855,-0.005899999999998684,0.01290000000000191,6,1,5,0,0,0,30.9,69,clouds,1.7923365893783467,10.985784211734783,1.2,1.0,4.598919127054797,2
13.3409,74.7421,13.335,74.755,1.574557595008965,13.33795,74.74855,-0.005899999999998684,0.01290000000000191,22,4,4,0,0,0,30.7,87,clear,1.9695441631144819,11.796368515940861,1.2,1.0,3.2388349977575928,2
13.3409,74.7421,13.335,74.755,1.574557595008965,13.33795,74.74855,-0.005899999999998684,0.01290000000000191,22,2,5,0,0,0,31.3,69,clear,0.03658449074633286,10.011787533915614,1.2,1.0,3.8557061497416765,2
13.3409,74.7421,13.335,74.755,1.574557595008965,13.33795,74.74855,-0.005899999999998684,0.01290000000000191,3,2,5,0,0,0,28.9,68,clouds,0.8370708693524209,10.133464081853608,1.2,1.0,4.662882445137404,2
13.3409,74.7421,13.335,74.755,1.574557595008965,13.33795,74.74855,-0.005899999999998684,0.01290000000000191,0,2,4,0,0,0,19.9,85,rain,0.42865069312828763,8.582899846423613,1.2,1.0,3.6219917077271075,2
13.3409,74.7421,13.335,74.755,1.574557595008965,13.33795,74.74855,-0.005899999999998684,0.01290000000000191,17,3,5,0,1,0,31.7,90,clear,4.558386128763393,11.024177183708595,1.2,1.0,5.64851080417091,2
13.3409,74.7421,13.335,74.755,1.574557595008965,13.33795,74.74855,-0.005899999999998684,0.01290000000000191,4,5,4,1,0,0,32.2,79,clouds,1.7968928535024475,11.939769065799801,1.2,1.0,4.067390986240256,2
13.3409,74.7421,13.335,74.755,1.574557595008965,13.33795,74.74855,-0.005899999999998684,0.01290000000000191,5,6,4,1,0,0,27.5,88,clear,0.10865677424550844,12.369360611729817,1.2,1.0,3.258627754924568,2
13.3409,74.7421,13.335,74.755,1.574557595008965,13.33795,74.74855,-0.005899999999998684,0.01290000000000191,21,3,4,0,0,0,23.7,79,rain,4.59524636435119,5.846678130951341,1.2,1.0,3.5490184615492084,2
13.3409,74.7421,13.335,74.755,1.574557595008965,13.33795,74.74855,-0.005899999999998684,0.01290000000000191,7,3,4,0,1,0,32.0,89,rain,3.301996768161767,6.486409822861079,1.2,1.0,5.619040153653056,2
13.3409,74.7421,13.335,74.755,1.574557595008965,13.33795,74.74855,-0.005899999999998684,0.01290000000000191,17,0,3,0,1,0,33.9,90,clear,6.784749748253006,10.437959141470218,1.2,1.0,6.9128659303839,2
13.3409,74.7421,13.335,74.755,1.574557595008965,13.33795,74.74855,-0.005899999999998684,0.01290000000000191,0,4,4,0,0,0,35.1,92,clear,0.13416258658457458,13.015671512579248,1.2,1.0,4.151114637565348,2
13.3409,74.7421,13.335,74.755,1.574557595008965,13.33795,74.74855,-0.005899999999998684,0.01290000000000191,0,1,4,0,0,0,21.1,92,clear,0.5362455284857879,12.63008097836323,1.2,1.0,3.349749849798917,2
13.3409,74.7421,13.335,74.755,1.574557595008965,13.33795,74.74855,-0.005899999999998684,0.01290000000000191,9,0,5,0,1,0,23.6,94,clouds,5.622444383943226,13.826000440548599,1.2,1.0,6.994206325061148,2
13.3409,74.7421,13.335,74.755,1.574557595008965,13.33795,74.74855,-0.005899999999998684,0.01290000000000191,7,4,5,0,1,0,34.4,87,clouds,0.5859605928718377,12.652549341693371,1.2,1.0,6.787522503416221,2
13.3409,74.7421,13.335,74.755,1.574557595008965,13.33795,74.74855,-0.005899999999998684,0.01290000000000191,4,6,4,1,0,0,30.3,84,clouds,0.7205310250501586,10.635338740285011,1.2,1.0,4.063532250796922,2
13.3409,74.7421,13.335,74.755,1.574557595008965,13.33795,74.74855,-0.005899999999998684,0.01290000000000191,23,6,5,1,0,0,27.0,65,clear,1.0595365500048617,15.622750057329963,1.2,1.0,4.048019389958717,2
13.3409,74.7421,13.335,74.755,1.574557595008965,13.33795,74.74855,-0.005899999999998684,0.01290000000000191,5,2,5,0,0,0,24.2,90,clear,0.8497910020736007,11.534213173525803,1.2,1.0,5.0216508338149906,2
13.3409,74.7421,13.335,74.755,1.574557595008965,13.33795,74.74855,-0.005899999999998684,0.01290000000000191,19,2,4,0,1,0,29.2,66,clear,2.4296157370428473,13.43967458174278,1.2,1.0,5.872108133819075,2
13.3409,74.7421,13.335,74.755,1.574557595008965,13.33795,74.74855,-0.005899999999998684,0.01290000000000191,18,3,4,0,1,0,36.6,74,clouds,0.10784963193466261,17.25017267924332,1.2,1.0,6.813436469712418,2
13.3409,74.7421,13.335,74.755,1.574557595008965,13.33795,74.74855,-0.005899999999998684,0.01290000000000191,6,1,4,0,0,0,32.5,80,clear,1.0941395590465717,10.36562906678201,1.2,1.0,4.884897610649815,2
13.3409,74.7421,13.335,74.755,1.574557595008965,13.33795,74.74855,-0.005899999999998684,0.01290000000000191,2,4,4,0,0,0,30.6,86,clouds,0.009670360056703875,10.24994918468751,1.2,1.0,2.9483967619882145,2
13.3409,74.7421,13.335,74.755,1.574557595008965,13.33795,74.74855,-0.005899999999998684,0.01290000000000191,6,1,5,0,0,0,21.4,71,clear,3.084395989423934,12.252898045646925,1.2,1.0,3.1442296430158816,2
13.3409,74.7421,13.335,74.755,1.574557595008965,13.33795,74.74855,-0.005899999999998684,0.01290000000000191,20,3,5,0,0,0,40.0,83,clear,5.229755066433693,11.322280659801281,1.2,1.0,3.241400085879288,2
13.3409,74.7421,13.335,74.755,1.574557595008965,13.33795,74.74855,-0.005899999999998684,0.01290000000000191,7,5,5,1,1,0,31.4,90,clouds,4.662221989420793,6.452874274173103,1.2,1.0,5.418102042394748,2
13.3409,74.7421,13.335,74.755,1.574557595008965,13.33795,74.74855,-0.005899999999998684,0.01290000000000191,7,6,5,1,1,0,25.4,81,clear,3.991592720729103,9.377254549824695,1.2,1.0,6.580257095698043,2
13.3409,74.7421,13.335,74.755,1.574557595008965,13.33795,74.74855,-0.005899999999998684,0.01290000000000191,2,2,4,0,0,0,24.7,84,clouds,0.3778333934581021,14.294818660383212,1.2,1.0,4.029283842402145,2
13.3409,74.7421,13.335,74.755,1.574557595008965,13.33795,74.74855,-0.005899999999998684,0.01290000000000191,23,1,4,0,0,0,30.2,74,clear,0.07963786564400883,9.246616918723836,1.2,1.0,4.6903449627298315,2
13.3409,74.7421,13.345,74.765,2.5823190391591964,13.34295,74.75354999999999,0.004100000000001103,0.022900000000007026,7,5,5,1,1,0,28.7,85,clear,5.746422590391254,10.83317528826374,7.5,1.1,6.842986047024089,3
13.3409,74.7421,13.345,74.765,2.5823190391591964,13.34295,74.75354999999999,0.004100000000001103,0.022900000000007026,21,6,5,1,0,0,29.6,90,clear,3.905190304354317,12.663943467906966,7.5,1.1,5.211603219201245,3
13.3409,74.7421,13.345,74.765,2.5823190391591964,13.34295,74.75354999999999,0.004100000000001103,0.022900000000007026,19,5,5,1,1,0,28.6,89,clouds,3.209682301847832,11.799691847040094,7.5,1.1,9.670294887900218,3
13.3409,74.7421,13.345,74.765,2.5823190391591964,13.34295,74.75354999999999,0.004100000000001103,0.022900000000007026,23,4,4,0,0,0,24.7,89,clouds,0.20280131628577547,8.126962530983768,7.5,1.1,6.133538010714633,3
13.3409,74.7421,13.345,74.765,2.5823190391591964,13.34295,74.75354999999999,0.004100000000001103,0.022900000000007026,21,0,5,0,0,0,37.1,85,clear,1.588474265755684,13.473687794184867,7.5,1.1,6.292599879518599,3
13.3409,74.7421,13.345,74.765,2.5823190391591964,13.34295,74.75354999999999,0.004100000000001103,0.022900000000007026,9,2,4,0,1,0,33.6,88,clear,3.937135689219421,11.246171549172209,7.5,1.1,10.11292534783636,3
13.3409,74.7421,13.345,74.765,2.5823190391591964,13.34295,74.75354999999999,0.004100000000001103,0.022900000000007026,21,6,5,1,0,0,31.4,81,clear,10.727223392724346,8.769736368188982,7.5,1.1,4.895815661327909,3
13.3409,74.7421,13.345,74.765,2.5823190391591964,13.34295,74.75354999999999,0.004100000000001103,0.022900000000007026,18,3,5,0,1,0,26.7,86,clear,2.2231759343563304,11.67164117675899,7.5,1.1,12.330440816774718,3
13.3409,74.7421,13.345,74.765,2.5823190391591964,13.34295,74.75354999999999,0.004100000000001103,0.022900000000007026,5,4,5,0,0,0,34.7,66,clear,1.8391323618201074,9.467318988748591,7.5,1.1,7.088462760066513,3
13.3409,74.7421,13.345,74.765,2.5823190391591964,13.34295,74.75354999999999,0.004100000000001103,0.022900000000007026,23,6,3,1,0,0,35.5,76,clear,2.1554112658021065,11.47817546776574,7.5,1.1,5.47024907924859,3
13.3409,74.7421,13.345,74.765,2.5823190391591964,13.34295,74.75354999999999,0.004100000000001103,0.022900000000007026,3,2,5,0,0,0,34.8,71,clouds,2.3613699617313104,13.590876505338576,7.5,1.1,7.991564472101206,3
13.3409,74.7421,13.345,74.765,2.5823190391591964,13.34295,74.75354999999999,0.004100000000001103,0.022900000000007026,0,6,4,1,0,0,27.8,90,clouds,2.4492054613171947,8.873618382606686,7.5,1.1,7.543109561159804,3
13.3409,74.7421,13.345,74.765,2.5823190391591964,13.34295,74.75354999999999,0.004100000000001103,0.022900000000007026,2,0,3,0,0,0,32.5,84,clouds,1.3953237047050406,7.59192484949752,7.5,1.1,6.783982334594069,3
13.3409,74.7421,13.345,74.765,2.5823190391591964,13.34295,74.75354999999999,0.004100000000001103,0.022900000000007026,19,5,5,1,1,0,30.5,88,clear,4.2500366084860115,9.123444043365266,7.5,1.1,9.64176631593337,3
13.3409,74.7421,13.345,74.765,2.5823190391591964,13.34295,74.75354999999999,0.004100000000001103,0.022900000000007026,21,6,5,1,0,0,28.2,72,clear,1.7804645408133517,9.542399162895725,7.5,1.1,7.320759632844401,3
13.3409,74.7421,13.345,74.765,2.5823190391591964,13.34295,74.75354999999999,0.004100000000001103,0.022900000000007026,19,6,4,1,1,0,28.7,72,clouds,3.18648716560411,11.192703073516007,7.5,1.1,10.787333049710057,3
13.3409,74.7421,13.345,74.765,2.5823190391591964,13.34295,74.75354999999999,0.004100000000001103,0.022900000000007026,21,5,5,1,0,0,26.8,87,rain,1.6226226810881843,5.875212943706241,7.5,1.1,7.033129420801163,3
13.3409,74.7421,13.345,74.765,2.5823190391591964,13.34295,74.75354999999999,0.004100000000001103,0.022900000000007026,2,1,5,0,0,0,30.6,67,clear,3.8119795342412823,10.4552604313714,7.5,1.1,7.512951416603723,3
13.3409,74.7421,13.345,74.765,2.5823190391591964,13.34295,74.75354999999999,0.004100000000001103,0.022900000000007026,2,4,5,0,0,0,25.0,70,clear,3.7161358299361877,11.392676952252009,7.5,1.1,6.985178635656825,3
13.3409,74.7421,13.345,74.765,2.5823190391591964,13.34295,74.75354999999999,0.004100000000001103,0.022900000000007026,4,3,5,0,0,0,31.9,76,clear,0.5726157568238868,10.866078048893513,7.5,1.1,5.113527246999148,3
13.3409,74.7421,13.345,74.765,2.5823190391591964,13.34295,74.75354999999999,0.004100000000001103,0.022900000000007026,5,5,4,1,0,0,35.6,66,clear,1.7954260437606364,13.527182201239711,7.5,1.1,4.902515312803987,3
13.3409,74.7421,13.345,74.765,2.5823190391591964,13.34295,74.75354999999999,0.004100000000001103,0.022900000000007026,8,4,5,0,1,0,29.7,91,clouds,0.40493357154307574,12.764882835638597,7.5,1.1,12.508003912146528,3
13.3409,74.7421,13.345,74.765,2.5823190391591964,13.34295,74.75354999999999,0.004100000000001103,0.022900000000007026,18,6,4,1,1,0,26.0,65,clouds,0.9824974181362419,14.751732346367913,7.5,1.1,8.987047742168437,3
13.3409,74.7421,13.345,74.765,2.5823190391591964,13.34295,74.75354999999999,0.004100000000001103,0.022900000000007026,7,2,4,0,1,0,33.8,68,clouds,4.358133074242134,10.968671932315576,7.5,1.1,10.689650239875874,3
13.3409,74.7421,13.345,74.765,2.5823190391591964,13.34295,74.75354999999999,0.004100000000001103,0.022900000000007026,4,5,5,1,0,0,30.4,91,clear,0.35293859365279395,8.590242891735352,7.5,1.1,7.6291362807589165,3
13.3409,74.7421,13.345,74.765,2.5823190391591964,13.34295,74.75354999999999,0.004100000000001103,0.022900000000007026,21,5,5,1,0,0,34.2,91,clear,0.12879977492064423,11.245443588232622,7.5,1.1,4.098991257488706,3
13.3409,74.7421,13.345,74.765,2.5823190391591964,13.34295,74.75354999999999,0.004100000000001103,0.022900000000007026,6,1,4,0,0,0,25.2,78,rain,4.206806674836509,9.77732550710192,7.5,1.1,8.282703691937492,3
13.3409,74.7421,13.345,74.765,2.5823190391591964,13.34295,74.75354999999999,0.004100000000001103,0.022900000000007026,20,1,5,0,0,0,28.5,68,clear,0.830795504664904,11.43596213847393,7.5,1.1,6.3404234329986995,3
13.3409,74.7421,13.345,74.765,2.5823190391591964,13.34295,74.75354999999999,0.004100000000001103,0.022900000000007026,1,3,5,0,0,0,32.1,91,clouds,2.739947706090393,11.285795260384521,7.5,1.1,5.308675807765657,3
13.3409,74.7421,13.345,74.765,2.5823190391591964,13.34295,74.75354999999999,0.004100000000001103,0.022900000000007026,2,6,4,1,0,0,28.6,81,clear,1.682057696230306,11.66235655361998,7.5,1.1,5.865152796772256,3
13.3409,74.7421,13.345,74.765,2.5823190391591964,13.34295,74.75354999999999,0.004100000000001103,0.022900000000007026,8,2,4,0,1,0,28.1,84,clear,2.010487856988006,12.36317369189758,7.5,1.1,10.701227046811026,3
13.3409,74.7421,13.345,74.765,2.5823190391591964,13.34295,74.75354999999999,0.004100000000001103,0.022900000000007026,20,6,4,1,0,0,30.8,77,clouds,0.2573504202087886,14.002092185134282,7.5,1.1,8.044509449058985,3
13.3409,74.7421,13.345,74.765,2.5823190391591964,13.34295,74.75354999999999,0.004100000000001103,0.022900000000007026,4,3,5,0,0,0,29.9,93,clear,8.875790439750155,14.864340287049266,7.5,1.1,8.160299706761517,3
13.3409,74.7421,13.345,74.765,2.5823190391591964,13.34295,74.75354999999999,0.004100000000001103,0.022900000000007026,21,6,5,1,0,0,28.0,77,rain,0.9141821357652837,6.313506809367617,7.5,1.1,5.995829863433681,3
13.3409,74.7421,13.345,74.765,2.5823190391591964,13.34295,74.75354999999999,0.004100000000001103,0.022900000000007026,18,0,4,0,1,0,30.4,70,clouds,0.008775921489689281,12.212357535644424,7.5,1.1,13.681962447342208,3
13.3409,74.7421,13.345,74.765,2.5823190391591964,13.34295,74.75354999999999,0.004100000000001103,0.022900000000007026,0,4,4,0,0,0,23.4,67,clear,1.9290076333415562,11.833788854742611,7.5,1.1,5.969909748219918,3
13.3409,74.7421,13.345,74.765,2.5823190391591964,13.34295,74.75354999999999,0.004100000000001103,0.022900000000007026,5,5,5,1,0,0,32.1,71,clouds,2.546237227773938,8.24965506070851,7.5,1.1,6.589837070556167,3
13.3409,74.7421,13.345,74.765,2.5823190391591964,13.34295,74.75354999999999,0.004100000000001103,0.022900000000007026,1,4,5,0,0,0,25.5,83,clouds,2.5654426460564324,12.537322853367545,7.5,1.1,5.860357206965668,3
13.3409,74.7421,13.345,74.765,2.5823190391591964,13.34295,74.75354999999999,0.004100000000001103,0.022900000000007026,5,2,5,0,0,0,28.7,77,clear,1.643652556564392,13.662698534126509,7.5,1.1,6.120289088934629,3
13.3409,74.7421,13.345,74.765,2.5823190391591964,13.34295,74.75354999999999,0.004100000000001103,0.022900000000007026,5,2,5,0,0,0,33.2,92,clouds,0.004698993744125244,10.042089507785459,7.5,1.1,7.1186046685777224,3
13.3409,74.7421,13.345,74.765,2.5823190391591964,13.34295,74.75354999999999,0.004100000000001103,0.022900000000007026,6,4,4,0,0,0,30.3,68,clear,1.8277226573123677,10.223704208545247,7.5,1.1,7.079345653336619,3
13.3409,74.7421,13.345,74.765,2.5823190391591964,13.34295,74.75354999999999,0.004100000000001103,0.022900000000007026,0,5,4,1,0,0,22.3,73,rain,3.3130399165227526,6.20762107536668,7.5,1.1,6.813057005491917,3
13.3409,74.7421,13.345,74.765,2.5823190391591964,13.34295,74.75354999999999,0.004100000000001103,0.022900000000007026,2,4,5,0,0,0,39.2,83,rain,2.84468713167853,8.763077125178661,7.5,1.1,7.8225150921282935,3
13.3409,74.7421,13.345,74.765,2.5823190391591964,13.34295,74.75354999999999,0.004100000000001103,0.022900000000007026,21,3,4,0,0,0,31.2,76,clear,1.9965989226694774,13.835090413328242,7.5,1.1,7.330393346560757,3
13.3409,74.7421,13.345,74.765,2.5823190391591964,13.34295,74.75354999999999,0.004100000000001103,0.022900000000007026,7,1,5,0,1,0,30.5,89,clouds,3.1691736637551307,12.94195700741356,7.5,1.1,11.081101927128403,3
13.3409,74.7421,13.345,74.765,2.5823190391591964,13.34295,74.75354999999999,0.004100000000001103,0.022900000000007026,20,1,4,0,0,0,34.5,94,clear,4.80411669080804,12.262916801562442,7.5,1.1,6.258148365231395,3
13.3409,74.7421,13.345,74.765,2.5823190391591964,13.34295,74.75354999999999,0.004100000000001103,0.022900000000007026,19,0,3,0,1,0,30.9,75,clear,1.39169454891777,15.171292985771466,7.5,1.1,10.143020206727352,3
13.3409,74.7421,13.345,74.765,2.5823190391591964,13.34295,74.75354999999999,0.004100000000001103,0.022900000000007026,0,3,5,0,0,0,30.8,69,clouds,1.2733817285218203,9.940730635344249,7.5,1.1,7.379993993738781,3
13.3409,74.7421,13.345,74.765,2.5823190391591964,13.34295,74.75354999999999,0.004100000000001103,0.022900000000007026,19,3,4,0,1,0,28.0,75,clear,3.3914295694761045,8.74221963285097,7.5,1.1,11.600675916435916,3
13.3409,74.7421,13.345,74.765,2.5823190391591964,13.34295,74.75354999999999,0.004100000000001103,0.022900000000007026,0,1,5,0,0,0,29.1,77,clear,0.1193301623243494,12.836374156935499,7.5,1.1,7.851616084462416,3
13.3506,74.7587,13.3512,74.7403,2.043485581059943,13.3509,74.74950000000001,0.000600000000000378,-0.01839999999999975,3,3,5,0,0,0,27.6,69,clouds,1.3879973854836511,11.050452709032584,2.5,1.0,3.8750550684652896,4
13.3506,74.7587,13.3512,74.7403,2.043485581059943,13.3509,74.74950000000001,0.000600000000000378,-0.01839999999999975,20,3,4,0,0,0,29.6,77,rain,4.455546166070017,8.895433851620556,2.5,1.0,4.655520181131626,4
13.3506,74.7587,13.3512,74.7403,2.043485581059943,13.3509,74.74950000000001,0.000600000000000378,-0.01839999999999975,21,2,4,0,0,0,30.0,91,clouds,1.3210345990735526,13.08565311863805,2.5,1.0,6.365245061191928,4
13.3506,74.7587,13.3512,74.7403,2.043485581059943,13.3509,74.74950000000001,0.000600000000000378,-0.01839999999999975,17,6,5,1,1,0,21.1,92,clear,24.476502635882348,13.495820512235067,2.5,1.0,7.448468605523302,4
13.3506,74.7587,13.3512,74.7403,2.043485581059943,13.3509,74.74950000000001,0.000600000000000378,-0.01839999999999975,7,4,4,0,1,0,31.6,89,clouds,1.8565998075683128,10.612263358383963,2.5,1.0,8.29476041054202,4
13.3506,74.7587,13.3512,74.7403,2.043485581059943,13.3509,74.74950000000001,0.000600000000000378,-0.01839999999999975,17,2,4,0,1,0,30.0,77,clear,0.11616499056214241,12.935386343530867,2.5,1.0,8.5927405248862,4
13.3506,74.7587,13.3512,74.7403,2.043485581059943,13.3509,74.74950000000001,0.000600000000000378,-0.01839999999999975,3,3,5,0,0,0,32.5,78,clear,10.480700626536049,12.037560608632898,2.5,1.0,4.348759554636194,4
13.3506,74.7587,13.3512,74.7403,2.043485581059943,13.3509,74.74950000000001,0.000600000000000378,-0.01839999999999975,5,0,5,0,0,0,21.9,70,clear,2.481487721320473,14.523843001427984,2.5,1.0,6.507276444998714,4
13.3506,74.7587,13.3512,74.7403,2.043485581059943,13.3509,74.74950000000001,0.000600000000000378,-0.01839999999999975,7,0,4,0,1,0,26.9,83,clouds,1.826303810466906,16.22070873564079,2.5,1.0,10.332192711705272,4
13.3506,74.7587,13.3512,74.7403,2.043485581059943,13.3509,74.74950000000001,0.000600000000000378,-0.01839999999999975,20,2,5,0,0,0,29.2,84,clear,3.0666067942724786,11.697453432692976,2.5,1.0,5.554500483983611,4
13.3506,74.7587,13.3512,74.7403,2.043485581059943,13.3509,74.74950000000001,0.000600000000000378,-0.01839999999999975,8,3,5,0,1,0,32.0,77,rain,0.7482527122488908,9.770917917800675,2.5,1.0,6.712645929061591,4
13.3506,74.7587,13.3512,74.7403,2.043485581059943,13.3509,74.74950000000001,0.000600000000000378,-0.01839999999999975,5,6,4,1,0,0,25.9,94,clouds,5.141027258661704,12.81410457424907,2.5,1.0,5.662705915879152,4
13.3506,74.7587,13.3512,74.7403,2.043485581059943,13.3509,74.74950000000001,0.000600000000000378,-0.01839999999999975,0,4,5,0,0,0,32.4,71,clear,1.2546591313017337,10.772406246314247,2.5,1.0,4.568723032650297,4
13.3506,74.7587,13.3512,74.7403,2.043485581059943,13.3509,74.74950000000001,0.000600000000000378,-0.01839999999999975,0,4,4,0,0,0,33.8,68,clouds,0.33079801626167926,13.416607694402128,2.5,1.0,6.034463277068408,4
13.3506,74.7587,13.3512,74.7403,2.043485581059943,13.3509,74.74950000000001,0.000600000000000378,-0.01839999999999975,1,0,4,0,0,0,22.5,70,clear,2.3897309256268495,14.193506853599882,2.5,1.0,3.8172692139096434,4
13.3506,74.7587,13.3512,74.7403,2.043485581059943,13.3509,74.74950000000001,0.000600000000000378,-0.01839999999999975,18,1,4,0,1,0,22.4,72,clear,5.536894439232575,12.426587414745876,2.5,1.0,11.204953599345053,4
13.3506,74.7587,13.3512,74.7403,2.043485581059943,13.3509,74.74950000000001,0.000600000000000378,-0.01839999999999975,8,2,5,0,1,0,25.2,79,clear,5.972111837245443,8.814797831312783,2.5,1.0,6.6594667794892395,4
13.3506,74.7587,13.3512,74.7403,2.043485581059943,13.3509,74.74950000000001,0.000600000000000378,-0.01839999999999975,7,5,5,1,1,0,26.9,65,clear,0.7425929225839935,7.992275271186493,2.5,1.0,7.725310995881466,4
13.3506,74.7587,13.3512,74.7403,2.043485581059943,13.3509,74.74950000000001,0.000600000000000378,-0.01839999999999975,21,3,4,0,0,0,30.3,81,clouds,6.050718113645752,14.601474611776032,2.5,1.0,4.678629755174988,4
13.3506,74.7587,13.3512,74.7403,2.043485581059943,13.3509,74.74950000000001,0.000600000000000378,-0.01839999999999975,20,2,5,0,0,0,33.2,84,clear,1.027344671512349,10.052907600591062,2.5,1.0,5.645834949619271,4
13.3506,74.7587,13.3512,74.7403,2.043485581059943,13.3509,74.74950000000001,0.000600000000000378,-0.01839999999999975,7,0,4,0,1,0,31.6,87,clear,6.411012895280594,13.112435157995005,2.5,1.0,6.521107883926602,4
13.3506,74.7587,13.3512,74.7403,2.043485581059943,13.3509,74.74950000000001,0.000600000000000378,-0.01839999999999975,5,4,5,0,0,0,29.0,90,clouds,2.7004089815344283,11.981399357722772,2.5,1.0,5.446074933685278,4
13.3506,74.7587,13.3512,74.7403,2.043485581059943,13.3509,74.74950000000001,0.000600000000000378,-0.01839999999999975,23,0,4,0,0,0,33.5,75,clouds,0.41754457219954644,14.139216524315962,2.5,1.0,5.540234509978727,4
13.3506,74.7587,13.3512,74.7403,2.043485581059943,13.3509,74.74950000000001,0.000600000000000378,-0.01839999999999975,20,1,4,0,0,0,33.4,80,rain,3.3730834407744457,7.725256423201206,2.5,1.0,6.280433956728087,4
13.3506,74.7587,13.3512,74.7403,2.043485581059943,13.3509,74.74950000000001,0.000600000000000378,-0.01839999999999975,2,1,4,0,0,0,23.7,88,clouds,0.44938600549461627,13.100190114055389,2.5,1.0,6.2270878792420685,4
13.3506,74.7587,13.3512,74.7403,2.043485581059943,13.3509,74.74950000000001,0.000600000000000378,-0.01839999999999975,17,6,5,1,1,0,29.4,94,clear,1.9353954228201666,12.394631414811192,2.5,1.0,7.6872034002288565,4
13.3506,74.7587,13.3512,74.7403,2.043485581059943,13.3509,74.74950000000001,0.000600000000000378,-0.01839999999999975,4,3,4,0,0,0,28.5,92,clouds,1.9386060435550987,12.576252473455408,2.5,1.0,4.69236884348128,4
13.3506,74.7587,13.3512,74.7403,2.043485581059943,13.3509,74.74950000000001,0.000600000000000378,-0.01839999999999975,4,5,5,1,0,0,27.2,77,clear,3.815190210719547,14.90493506894149,2.5,1.0,3.7260207940090284,4
13.3506,74.7587,13.3512,74.7403,2.043485581059943,13.3509,74.74950000000001,0.000600000000000378,-0.01839999999999975,1,0,4,0,0,0,30.5,77,clouds,0.1098011135050492,13.345772432634902,2.5,1.0,5.194621690498195,4
13.3506,74.7587,13.3512,74.7403,2.043485581059943,13.3509,74.74950000000001,0.000600000000000378,-0.01839999999999975,18,5,5,1,1,0,25.2,72,clear,2.5966164465606463,15.285345906511926,2.5,1.0,6.682981933521541,4
13.3506,74.7587,13.3512,74.7403,2.043485581059943,13.3509,74.74950000000001,0.000600000000000378,-0.01839999999999975,4,5,4,1,0,0,29.5,85,clouds,0.8307759373981347,12.35297462072525,2.5,1.0,3.8159012974396953,4
13.3506,74.7587,13.3512,74.7403,2.043485581059943,13.3509,74.74950000000001,0.000600000000000378,-0.01839999999999975,1,5,5,1,0,0,38.7,88,clouds,6.302535390543474,13.569208575796047,2.5,1.0,4.724921013375929,4
13.3506,74.7587,13.3512,74.7403,2.043485581059943,13.3509,74.74950000000001,0.000600000000000378,-0.01839999999999975,4,0,5,0,0,0,26.1,79,clear,0.4230261787232503,12.463296030967966,2.5,1.0,6.348194383644239,4
13.3506,74.7587,13.3512,74.7403,2.043485581059943,13.3509,74.74950000000001,0.000600000000000378,-0.01839999999999975,4,5,5,1,0,0,27.6,85,clear,4.030009892440752,10.852796454206198,2.5,1.0,5.990201153073969,4
13.3506,74.7587,13.3512,74.7403,2.043485581059943,13.3509,74.74950000000001,0.000600000000000378,-0.01839999999999975,21,4,4,0,0,0,29.2,79,clouds,2.3753461019667355,12.74242573611366,2.5,1.0,5.227926570069317,4
13.3506,74.7587,13.3512,74.7403,2.043485581059943,13.3509,74.74950000000001,0.000600000000000378,-0.01839999999999975,0,5,5,1,0,0,27.4,73,rain,2.7736628866485242,7.640751999529526,2.5,1.0,5.214409823165519,4
13.3506,74.7587,13.3512,74.7403,2.043485581059943,13.3509,74.74950000000001,0.000600000000000378,-0.01839999999999975,8,4,4,0,1,0,28.9,79,clear,4.500782207920892,13.324962120329031,2.5,1.0,8.031876000978842,4
13.3506,74.7587,13.3512,74.7403,2.043485581059943,13.3509,74.74950000000001,0.000600000000000378,-0.01839999999999975,3,5,4,1,0,0,30.6,75,rain,2.2476620516697228,10.82598951125366,2.5,1.0,4.632148962551853,4
13.3506,74.7587,13.3512,74.7403,2.043485581059943,13.3509,74.74950000000001,0.000600000000000378,-0.01839999999999975,7,2,4,0,1,0,23.0,84,clear,3.872747131968868,10.589148703841648,2.5,1.0,7.90689143734065,4
13.3506,74.7587,13.3512,74.7403,2.043485581059943,13.3509,74.74950000000001,0.000600000000000378,-0.01839999999999975,18,1,5,0,1,0,25.6,82,clear,4.294983829791286,11.688357051341795,2.5,1.0,7.098309692030887,4
13.3506,74.7587,13.3512,74.7403,2.043485581059943,13.3509,74.74950000000001,0.000600000000000378,-0.01839999999999975,6,2,4,0,0,0,26.6,86,clouds,2.3746600745058446,11.659640666986897,2.5,1.0,5.637952740322175,4
13.3506,74.7587,13.3512,74.7403,2.043485581059943,13.3509,74.74950000000001,0.000600000000000378,-0.01839999999999975,6,1,4,0,0,0,29.8,92,clouds,0.3458733638527787,12.742188102627845,2.5,1.0,4.593093805769311,4
13.3506,74.7587,13.3512,74.7403,2.043485581059943,13.3509,74.74950000000001,0.000600000000000378,-0.01839999999999975,20,1,4,0,0,0,31.8,89,rain,0.5811018571518504,6.355136845490274,2.5,1.0,5.348223843528383,4
13.3506,74.7587,13.3512,74.7403,2.043485581059943,13.3509,74.74950000000001,0.000600000000000378,-0.01839999999999975,3,1,4,0,0,0,28.7,68,clear,3.070084657384059,9.513352143187802,2.5,1.0,6.152917686946563,4
13.3506,74.7587,13.3512,74.7403,2.043485581059943,13.3509,74.74950000000001,0.000600000000000378,-0.01839999999999975,18,1,5,0,1,0,31.7,76,clear,0.027238691552712857,13.23697676091295,2.5,1.0,9.977482708825171,4
13.3506,74.7587,13.3512,74.7403,2.043485581059943,13.3509,74.74950000000001,0.000600000000000378,-0.01839999999999975,7,5,5,1,1,0,26.0,87,clouds,0.30078486911000696,12.937211592999184,2.5,1.0,5.954616154290576,4
13.3506,74.7587,13.3512,74.7403,2.043485581059943,13.3509,74.74950000000001,0.000600000000000378,-0.01839999999999975,4,0,5,0,0,0,23.1,71,clear,1.4950028306525192,12.495023833152409,2.5,1.0,7.023322775421818,4
13.3506,74.7587,13.3512,74.7403,2.043485581059943,13.3509,74.74950000000001,0.000600000000000378,-0.01839999999999975,23,4,5,0,0,0,34.0,82,clouds,0.824885606665529,8.167665640668243,2.5,1.0,5.029002099334365,4
13.3506,74.7587,13.3512,74.7403,2.043485581059943,13.3509,74.74950000000001,0.000600000000000378,-0.01839999999999975,2,0,5,0,0,0,32.0,65,clear,6.0470429456121675,8.919504735937846,2.5,1.0,5.816855161472364,4
13.3506,74.7587,13.3512,74.7403,2.043485581059943,13.3509,74.74950000000001,0.000600000000000378,-0.01839999999999975,21,6,5,1,0,0,28.3,71,clouds,8.781783350832452,12.34668284742711,2.5,1.0,5.450894659906406,4
13.3506,74.7587,13.3601,74.7501,1.422403392150088,13.35535,74.7544,0.009499999999999176,-0.008600000000001273,21,2,5,0,0,0,29.9,72,clear,1.208447008718755,11.267536921363476,5.0,1.1,3.530704867505564,5
13.3506,74.7587,13.3601,74.7501,1.422403392150088,13.35535,74.7544,0.009499999999999176,-0.008600000000001273,3,6,5,1,0,0,28.6,79,clouds,5.4204839966429095,14.067926512998046,5.0,1.1,3.2668368959773733,5
13.3506,74.7587,13.3601,74.7501,1.422403392150088,13.35535,74.7544,0.009499999999999176,-0.008600000000001273,18,5,5,1,1,0,31.7,89,clear,0.1393989358467757,12.736967206673992,5.0,1.1,5.038951414384509,5
13.3506,74.7587,13.3601,74.7501,1.422403392150088,13.35535,74.7544,0.009499999999999176,-0.008600000000001273,7,1,4,0,1,0,25.3,74,clear,0.6828796707525402,12.068304834976049,5.0,1.1,6.065749547741324,5
13.3506,74.7587,13.3601,74.7501,1.422403392150088,13.35535,74.7544,0.009499999999999176,-0.008600000000001273,5,5,4,1,0,0,32.3,69,clouds,2.821988589584839,10.292120583224614,5.0,1.1,3.419419194193891,5
13.3506,74.7587,13.3601,74.7501,1.422403392150088,13.35535,74.7544,0.009499999999999176,-0.008600000000001273,7,6,5,1,1,0,25.6,85,clear,1.4374464272278722,14.844739723397016,5.0,1.1,5.273791388449935,5
13.3506,74.7587,13.3601,74.7501,1.422403392150088,13.35535,74.7544,0.009499999999999176,-0.008600000000001273,7,4,5,0,1,0,25.7,73,clear,2.970086700240965,7.518652427160505,5.0,1.1,6.352595895180734,5
13.3506,74.7587,13.3601,74.7501,1.422403392150088,13.35535,74.7544,0.009499999999999176,-0.008600000000001273,21,3,5,0,0,0,27.5,65,clouds,0.5665496857598191,12.500400412503389,5.0,1.1,3.929015506540782,5
13.3506,74.7587,13.3601,74.7501,1.422403392150088,13.35535,74.7544,0.009499999999999176,-0.008600000000001273,1,1,4,0,0,0,29.9,90,clouds,5.934792812614716,13.677881000939225,5.0,1.1,3.1992629480967483,5
13.3506,74.7587,13.3601,74.7501,1.422403392150088,13.35535,74.7544,0.009499999999999176,-0.008600000000001273,1,6,4,1,0,0,25.2,81,clouds,3.895474270260643,12.908027603433535,5.0,1.1,2.840535906926591,5
13.3506,74.7587,13.3601,74.7501,1.422403392150088,13.35535,74.7544,0.009499999999999176,-0.008600000000001273,6,3,5,0,0,0,20.1,68,clouds,3.977787845916607,11.412066104671636,5.0,1.1,3.752564053545688,5
13.3506,74.7587,13.3601,74.7501,1.422403392150088,13.35535,74.7544,0.009499999999999176,-0.008600000000001273,19,0,5,0,1,0,34.3,87,clear,3.6610282923593944,12.726238683342714,5.0,1.1,6.19747856795195,5
13.3506,74.7587,13.3601,74.7501,1.422403392150088,13.35535,74.7544,0.009499999999999176,-0.008600000000001273,23,2,4,0,0,0,34.4,69,clouds,5.955460477292037,12.984037695985599,5.0,1.1,2.9150312637838427,5
13.3506,74.7587,13.3601,74.7501,1.422403392150088,13.35535,74.7544,0.009499999999999176,-0.008600000000001273,19,4,5,0,1,0,30.7,68,clouds,1.141803865845949,12.459852935786861,5.0,1.1,4.806127194759158,5
13.3506,74.7587,13.3601,74.7501,1.422403392150088,13.35535,74.7544,0.009499999999999176,-0.008600000000001273,20,5,4,1,0,0,24.5,67,clouds,12.036474603396643,9.309030327495556,5.0,1.1,4.000183692339421,5
13.3506,74.7587,13.3601,74.7501,1.422403392150088,13.35535,74.7544,0.009499999999999176,-0.008600000000001273,4,6,4,1,0,0,25.0,91,clear,8.199847046209376,9.796413604160213,5.0,1.1,3.6742819826288944,5
13.3506,74.7587,13.3601,74.7501,1.422403392150088,13.35535,74.7544,0.009499999999999176,-0.008600000000001273,1,3,4,0,0,0,22.2,83,clouds,0.22452979671137374,10.993838921790688,5.0,1.1,3.430560357247029,5
13.3506,74.7587,13.3601,74.7501,1.422403392150088,13.35535,74.7544,0.009499999999999176,-0.008600000000001273,5,3,5,0,0,0,24.3,83,clouds,2.757153833213855,13.041936331149657,5.0,1.1,3.4906110325685895,5
13.3506,74.7587,13.3601,74.7501,1.422403392150088,13.35535,74.7544,0.009499999999999176,-0.008600000000001273,5,4,4,0,0,0,28.8,90,clear,11.330409704767154,12.226192275640475,5.0,1.1,3.568303823473733,5
13.3506,74.7587,13.3601,74.7501,1.422403392150088,13.35535,74.7544,0.009499999999999176,-0.008600000000001273,6,5,4,1,0,0,25.4,91,clear,0.23077991121987212,15.40304214084147,5.0,1.1,3.32706179405341,5
13.3506,74.7587,13.3601,74.7501,1.422403392150088,13.35535,74.7544,0.009499999999999176,-0.008600000000001273,2,1,4,0,0,0,25.0,74,clouds,0.4662511414988323,9.628177981534307,5.0,1.1,3.3879487900438003,5
13.3506,74.7587,13.3601,74.7501,1.422403392150088,13.35535,74.7544,0.009499999999999176,-0.008600000000001273,22,2,5,0,0,0,29.8,84,clear,2.4181348645387915,10.374544086163136,5.0,1.1,3.598311104432464,5
13.3506,74.7587,13.3601,74.7501,1.422403392150088,13.35535,74.7544,0.009499999999999176,-0.008600000000001273,18,1,5,0,1,0,25.4,65,clouds,2.62801680906015,8.70440378323193,5.0,1.1,7.119510290870112,5
13.3506,74.7587,13.3601,74.7501,1.422403392150088,13.35535,74.7544,0.009499999999999176,-0.008600000000001273,5,0,3,0,0,0,28.1,86,clouds,1.4030819406479862,12.553586898650577,5.0,1.1,4.439127226659772,5
13.3506,74.7587,13.3601,74.7501,1.422403392150088,13.35535,74.7544,0.009499999999999176,-0.008600000000001273,4,1,5,0,0,0,31.1,68,rain,0.7472450144697036,9.515810792222023,5.0,1.1,2.6197783530684617,5
13.3506,74.7587,13.3601,74.7501,1.422403392150088,13.35535,74.7544,0.009499999999999176,-0.008600000000001273,8,2,4,0,1,0,24.5,91,clear,4.9381394936387935,11.718144171444761,5.0,1.1,7.574185781963379,5
13.3506,74.7587,13.3601,74.7501,1.422403392150088,13.35535,74.7544,0.009499999999999176,-0.008600000000001273,7,3,5,0,1,0,33.5,89,clouds,3.6206073423685705,13.174275368425695,5.0,1.1,6.460342238179612,5
13.3506,74.7587,13.3601,74.7501,1.422403392150088,13.35535,74.7544,0.009499999999999176,-0.008600000000001273,0,2,5,0,0,0,26.2,80,rain,1.3148676575265585,6.258965788304622,5.0,1.1,3.6205791644402217,5
13.3506,74.7587,13.3601,74.7501,1.422403392150088,13.35535,74.7544,0.009499999999999176,-0.008600000000001273,20,5,5,1,0,0,35.1,87,clouds,4.905656998464593,9.199160879338464,5.0,1.1,2.897573404054195,5
13.3506,74.7587,13.3601,74.7501,1.422403392150088,13.35535,74.7544,0.009499999999999176,-0.008600000000001273,22,0,4,0,0,0,27.4,93,clear,2.318727414104659,14.939597852554577,5.0,1.1,3.489035287340554,5
13.3506,74.7587,13.3601,74.7501,1.422403392150088,13.35535,74.7544,0.009499999999999176,-0.008600000000001273,4,5,5,1,0,0,34.5,90,clear,3.667029841811953,8.769267097446548,5.0,1.1,3.726431321423147,5
13.3506,74.7587,13.3601,74.7501,1.422403392150088,13.35535,74.7544,0.009499999999999176,-0.008600000000001273,3,2,5,0,0,0,29.0,75,clear,0.6735537138255728,6.596329731701118,5.0,1.1,3.2996252177517347,5
13.3506,74.7587,13.3601,74.7501,1.422403392150088,13.35535,74.7544,0.009499999999999176,-0.008600000000001273,8,6,4,1,1,0,27.9,79,clear,3.7444011824714662,11.942582819575543,5.0,1.1,4.588484148379536,5
13.3506,74.7587,13.3601,74.7501,1.422403392150088,13.35535,74.7544,0.009499999999999176,-0.008600000000001273,22,0,5,0,0,0,32.2,77,clouds,1.7728616189226614,12.68010258913778,5.0,1.1,3.2409014048564018,5
13.3506,74.7587,13.3601,74.7501,1.422403392150088,13.35535,74.7544,0.009499999999999176,-0.008600000000001273,21,1,4,0,0,0,22.4,87,clear,4.070565915701272,11.014500894440095,5.0,1.1,3.530251406793518,5
13.3506,74.7587,13.3601,74.7501,1.422403392150088,13.35535,74.7544,0.009499999999999176,-0.008600000000001273,8,4,5,0,1,0,28.3,71,clear,1.150856781887562,7.56139925450493,5.0,1.1,5.578368752808574,5
13.3506,74.7587,13.3601,74.7501,1.422403392150088,13.35535,74.7544,0.009499999999999176,-0.008600000000001273,23,6,4,1,0,0,20.4,69,clouds,5.458780548898322,12.840188980903683,5.0,1.1,3.90043866736794,5
13.3506,74.7587,13.3601,74.7501,1.422403392150088,13.35535,74.7544,0.009499999999999176,-0.008600000000001273,7,6,5,1,1,0,18.7,78,clear,2.016367953040066,9.868600565289116,5.0,1.1,4.978091668173569,5
13.3506,74.7587,13.3601,74.7501,1.422403392150088,13.35535,74.7544,0.009499999999999176,-0.008600000000001273,18,0,5,0,1,0,33.7,82,clear,2.3385319325926135,10.023462283646381,5.0,1.1,5.062779200495645,5
13.3506,74.7587,13.3601,74.7501,1.422403392150088,13.35535,74.7544,0.009499999999999176,-0.008600000000001273,3,2,4,0,0,0,25.9,68,clear,0.714369299065172,11.424213987117412,5.0,1.1,2.7956977547255892,5
13.3506,74.7587,13.3601,74.7501,1.422403392150088,13.35535,74.7544,0.009499999999999176,-0.008600000000001273,6,2,4,0,0,0,25.7,79,clouds,2.5452809197400423,11.921991598762693,5.0,1.1,2.7171067372213944,5
13.3506,74.7587,13.3601,74.7501,1.422403392150088,13.35535,74.7544,0.009499999999999176,-0.008600000000001273,6,3,5,0,0,0,32.3,65,clear,1.1904922186675968,14.110437702662086,5.0,1.1,3.8957707074605,5
13.3506,74.7587,13.3601,74.7501,1.422403392150088,13.35535,74.7544,0.009499999999999176,-0.008600000000001273,22,3,4,0,0,0,29.3,81,clear,8.114890458111518,12.709235136035888,5.0,1.1,3.5356711020235827,5
13.3506,74.7587,13.3601,74.7501,1.422403392150088,13.35535,74.7544,0.009499999999999176,-0.008600000000001273,23,0,4,0,0,0,28.5,81,rain,4.494888009644773,8.3535095866041,5.0,1.1,3.591260875717611,5
13.3506,74.7587,13.3601,74.7501,1.422403392150088,13.35535,74.7544,0.009499999999999176,-0.008600000000001273,3,1,4,0,0,0,28.1,75,clouds,0.8761643907659835,14.488996152042116,5.0,1.1,4.365893983903147,5
13.3506,74.7587,13.3601,74.7501,1.422403392150088,13.35535,74.7544,0.009499999999999176,-0.008600000000001273,22,5,5,1,0,0,27.4,71,clear,0.6079727241462871,10.65305295469842,5.0,1.1,3.0549732890665924,5
13.3506,74.7587,13.3601,74.7501,1.422403392150088,13.35535,74.7544,0.009499999999999176,-0.008600000000001273,1,0,3,0,0,0,28.2,89,clouds,6.961453870499301,11.448595614158267,5.0,1.1,3.720021849747446,5
13.3506,74.7587,13.3601,74.7501,1.422403392150088,13.35535,74.7544,0.009499999999999176,-0.008600000000001273,0,6,5,1,0,0,30.4,82,clear,4.886084607366444,12.068263963023156,5.0,1.1,4.165362300178237,5
13.3506,74.7587,13.3601,74.7501,1.422403392150088,13.35535,74.7544,0.009499999999999176,-0.008600000000001273,20,5,4,1,0,0,27.2,86,clouds,2.812611562449047,10.22980058366572,5.0,1.1,3.080107580068502,5
13.3506,74.7587,13.3601,74.7501,1.422403392150088,13.35535,74.7544,0.009499999999999176,-0.008600000000001273,20,1,5,0,0,0,32.6,81,clear,2.9989247444799427,9.724628659150367,5.0,1.1,4.547498053418309,5
13.3506,74.7587,13.335,74.755,1.779638460474631,13.3428,74.75685,-0.01559999999999917,-0.0037000000000091404,6,4,5,0,0,0,29.7,77,clear,3.3947091344638842,13.337299720321184,1.2,1.0,5.448675816574713,6
13.3506,74.7587,13.335,74.755,1.779638460474631,13.3428,74.75685,-0.01559999999999917,-0.0037000000000091404,23,0,5,0,0,0,30.2,81,clear,2.7897374455581154,12.92636959053517,1.2,1.0,3.793661287273226,6
13.3506,74.7587,13.335,74.755,1.779638460474631,13.3428,74.75685,-0.01559999999999917,-0.0037000000000091404,8,5,4,1,1,0,32.4,74,clear,1.6082826855494061,10.389885215313193,1.2,1.0,8.59013159338505,6
13.3506,74.7587,13.335,74.755,1.779638460474631,13.3428,74.75685,-0.01559999999999917,-0.0037000000000091404,4,3,5,0,0,0,27.5,76,clouds,4.108351603530088,9.188865961642716,1.2,1.0,4.897408468183152,6
13.3506,74.7587,13.335,74.755,1.779638460474631,13.3428,74.75685,-0.01559999999999917,-0.0037000000000091404,17,6,4,1,1,0,27.3,82,rain,1.6920825446945802,11.26133555447513,1.2,1.0,7.580477743238544,6
13.3506,74.7587,13.335,74.755,1.779638460474631,13.3428,74.75685,-0.01559999999999917,-0.0037000000000091404,22,0,3,0,0,0,24.3,92,clear,0.9790921851425819,10.209860315446791,1.2,1.0,6.124490641348521,6
13.3506,74.7587,13.335,74.755,1.779638460474631,13.3428,74.75685,-0.01559999999999917,-0.0037000000000091404,20,3,4,0,0,0,32.1,68,clear,12.27805604576011,13.331167933888386,1.2,1.0,4.744872927539764,6
13.3506,74.7587,13.335,74.755,1.779638460474631,13.3428,74.75685,-0.01559999999999917,-0.0037000000000091404,4,4,4,0,0,0,30.4,88,clouds,4.594271014673413,8.87039445727589,1.2,1.0,4.90221726234227,6
13.3506,74.7587,13.335,74.755,1.779638460474631,13.3428,74.75685,-0.01559999999999917,-0.0037000000000091404,0,2,4,0,0,0,27.8,72,clouds,0.2972323077938045,13.487753249029277,1.2,1.0,5.720933356713115,6
13.3506,74.7587,13.335,74.755,1.779638460474631,13.3428,74.75685,-0.01559999999999917,-0.0037000000000091404,8,1,5,0,1,0,32.6,93,clouds,18.132441558129702,10.377485761725616,1.2,1.0,8.817053560387352,6
13.3506,74.7587,13.335,74.755,1.779638460474631,13.3428,74.75685,-0.01559999999999917,-0.0037000000000091404,7,5,5,1,1,0,27.7,75,clear,4.593797413074183,8.37592219774076,1.2,1.0,5.992072180864791,6
13.3506,74.7587,13.335,74.755,1.779638460474631,13.3428,74.75685,-0.01559999999999917,-0.0037000000000091404,21,3,5,0,0,0,24.9,87,clouds,2.8990138827418797,14.226721011887877,1.2,1.0,4.118860215545931,6
13.3506,74.7587,13.335,74.755,1.779638460474631,13.3428,74.75685,-0.01559999999999917,-0.0037000000000091404,19,4,5,0,1,0,24.1,68,rain,4.240752084359099,11.537543566518842,1.2,1.0,5.700654298938492,6
13.3506,74.7587,13.335,74.755,1.779638460474631,13.3428,74.75685,-0.01559999999999917,-0.0037000000000091404,1,6,5,1,0,0,27.7,66,clear,2.250279577461218,13.916576859410004,1.2,1.0,4.121903803454771,6
13.3506,74.7587,13.335,74.755,1.779638460474631,13.3428,74.75685,-0.01559999999999917,-0.0037000000000091404,22,0,5,0,0,0,28.9,74,clouds,2.6979927410670546,11.867713430252666,1.2,1.0,5.125868772995789,6
13.3506,74.7587,13.335,74.755,1.779638460474631,13.3428,74.75685,-0.01559999999999917,-0.0037000000000091404,4,2,4,0,0,0,26.9,91,clouds,3.137822912946216,12.306881951908544,1.2,1.0,4.972097036178266,6
13.3506,74.7587,13.335,74.755,1.779638460474631,13.3428,74.75685,-0.01559999999999917,-0.0037000000000091404,22,0,4,0,0,0,34.1,72,clouds,1.8218553458633377,13.905196789297813,1.2,1.0,4.939749139574619,6
13.3506,74.7587,13.335,74.755,1.779638460474631,13.3428,74.75685,-0.01559999999999917,-0.0037000000000091404,18,4,4,0,1,0,22.0,84,rain,2.3031924608287895,3.8993033568751008,1.2,1.0,7.878811706516985,6
13.3506,74.7587,13.335,74.755,1.779638460474631,13.3428,74.75685,-0.01559999999999917,-0.0037000000000091404,2,5,5,1,0,0,30.2,66,rain,2.625380178334342,4.521868737791133,1.2,1.0,5.385398395519404,6
13.3506,74.7587,13.335,74.755,1.779638460474631,13.3428,74.75685,-0.01559999999999917,-0.0037000000000091404,20,5,4,1,0,0,30.7,84,clouds,6.434560635455442,11.787162239994023,1.2,1.0,3.9583175661569556,6
13.3506,74.7587,13.335,74.755,1.779638460474631,13.3428,74.75685,-0.01559999999999917,-0.0037000000000091404,23,5,5,1,0,0,29.8,85,clouds,6.4776184800222785,11.491887603642295,1.2,1.0,4.706886104710392,6
13.3506,74.7587,13.335,74.755,1.779638460474631,13.3428,74.75685,-0.01559999999999917,-0.0037000000000091404,2,0,5,0,0,0,28.9,85,clear,1.225163851713102,12.909481824282269,1.2,1.0,4.7517023870322985,6
13.3506,74.7587,13.335,74.755,1.779638460474631,13.3428,74.75685,-0.01559999999999917,-0.0037000000000091404,22,1,5,0,0,0,30.3,93,clear,1.4613155361630656,11.646451673768436,1.2,1.0,4.850457357273226,6
13.3506,74.7587,13.335,74.755,1.779638460474631,13.3428,74.75685,-0.01559999999999917,-0.0037000000000091404,0,1,5,0,0,0,33.9,69,clouds,10.303778433552873,6.925222807860232,1.2,1.0,3.3567599968066837,6
13.3506,74.7587,13.335,74.755,1.779638460474631,13.3428,74.75685,-0.01559999999999917,-0.0037000000000091404,5,3,5,0,0,0,24.1,93,clear,0.41667943454076506,10.460007867605086,1.2,1.0,4.333089915096102,6
13.3506,74.7587,13.335,74.755,1.779638460474631,13.3428,74.75685,-0.01559999999999917,-0.0037000000000091404,8,4,4,0,1,0,26.5,70,clouds,0.5049907990550963,12.664130498328813,1.2,1.0,5.488225287037972,6
13.3506,74.7587,13.335,74.755,1.779638460474631,13.3428,74.75685,-0.01559999999999917,-0.0037000000000091404,22,6,4,1,0,0,35.0,94,clear,2.6074993246090887,9.66865681942267,1.2,1.0,5.137739360292855,6
13.3506,74.7587,13.335,74.755,1.779638460474631,13.3428,74.75685,-0.01559999999999917,-0.0037000000000091404,5,5,5,1,0,0,28.4,74,clouds,0.17599931323685095,14.071694609735237,1.2,1.0,3.7342602389301804,6
13.3506,74.7587,13.335,74.755,1.779638460474631,13.3428,74.75685,-0.01559999999999917,-0.0037000000000091404,18,4,5,0,1,0,21.8,76,clouds,5.9459205004735045,12.787594596432504,1.2,1.0,6.648797200677315,6
13.3506,74.7587,13.335,74.755,1.779638460474631,13.3428,74.75685,-0.01559999999999917,-0.0037000000000091404,5,2,5,0,0,0,18.8,73,clear,1.9801868940224718,15.97426194134021,1.2,1.0,4.15826531047589,6
13.3506,74.7587,13.335,74.755,1.779638460474631,13.3428,74.75685,-0.01559999999999917,-0.0037000000000091404,4,3,4,0,0,0,30.0,71,clear,4.312093045641017,11.513232041249964,1.2,1.0,3.9208269852253292,6
13.3506,74.7587,13.335,74.755,1.779638460474631,13.3428,74.75685,-0.01559999999999917,-0.0037000000000091404,17,0,4,0,1,0,29.4,78,clouds,0.7834192740555537,15.454965476061975,1.2,1.0,6.861288538229307,6
13.3506,74.7587,13.335,74.755,1.779638460474631,13.3428,74.75685,-0.01559999999999917,-0.0037000000000091404,0,2,5,0,0,0,27.4,88,clear,0.9798636183154239,10.784249478648364,1.2,1.0,4.768711477707336,6
13.3506,74.7587,13.335,74.755,1.779638460474631,13.3428,74.75685,-0.01559999999999917,-0.0037000000000091404,8,4,5,0,1,0,34.2,94,clear,1.4078432392644946,16.07006540273182,1.2,1.0,6.919217412776907,6
13.3506,74.7587,13.335,74.755,1.779638460474631,13.3428,74.75685,-0.01559999999999917,-0.0037000000000091404,2,5,5,1,0,0,25.5,93,clouds,0.577563493656051,9.795415700327153,1.2,1.0,5.4328065612151,6
13.3506,74.7587,13.335,74.755,1.779638460474631,13.3428,74.75685,-0.01559999999999917,-0.0037000000000091404,2,5,4,1,0,0,30.2,84,clear,0.7921143786127092,12.750433914314325,1.2,1.0,4.105391266698943,6
13.3506,74.7587,13.335,74.755,1.779638460474631,13.3428,74.75685,-0.01559999999999917,-0.0037000000000091404,17,5,5,1,1,0,25.4,82,rain,8.683088672886386,9.402511118353454,1.2,1.0,5.980848413968775,6
13.3506,74.7587,13.335,74.755,1.779638460474631,13.3428,74.75685,-0.01559999999999917,-0.0037000000000091404,3,3,5,0,0,0,35.4,80,clouds,4.286657657036987,11.588462803940665,1.2,1.0,4.728026693353301,6
13.3506,74.7587,13.335,74.755,1.779638460474631,13.3428,74.75685,-0.01559999999999917,-0.0037000000000091404,6,1,4,0,0,0,24.5,82,clear,0.09281204669621164,10.801267012319363,1.2,1.0,6.23703769460208,6
13.3506,74.7587,13.335,74.755,1.779638460474631,13.3428,74.75685,-0.01559999999999917,-0.0037000000000091404,20,2,5,0,0,0,36.1,85,clear,0.10660657969414494,11.644726589229252,1.2,1.0,4.434986408284198,6
13.3506,74.7587,13.335,74.755,1.779638460474631,13.3428,74.75685,-0.01559999999999917,-0.0037000000000091404,2,3,5,0,0,0,31.8,79,clear,4.453455889683165,12.449697632091276,1.2,1.0,5.0079865575427105,6
13.3506,74.7587,13.335,74.755,1.779638460474631,13.3428,74.75685,-0.01559999999999917,-0.0037000000000091404,0,6,5,1,0,0,26.9,81,clear,2.438876206134351,12.71690723641924,1.2,1.0,4.259723363182109,6
13.3506,74.7587,13.335,74.755,1.779638460474631,13.3428,74.75685,-0.01559999999999917,-0.0037000000000091404,21,4,4,0,0,0,28.3,69,clouds,1.692217238615907,11.506498675802248,1.2,1.0,5.083812705176671,6
13.3506,74.7587,13.335,74.755,1.779638460474631,13.3428,74.75685,-0.01559999999999917,-0.0037000000000091404,3,0,5,0,0,0,29.4,83,clouds,2.728633767703468,12.504480792853355,1.2,1.0,3.712921436271727,6
13.3506,74.7587,13.335,74.755,1.779638460474631,13.3428,74.75685,-0.01559999999999917,-0.0037000000000091404,20,3,4,0,0,0,32.1,90,rain,1.2455021604346777,11.885336248323007,1.2,1.0,4.531882053359368,6
13.3506,74.7587,13.335,74.755,1.779638460474631,13.3428,74.75685,-0.01559999999999917,-0.0037000000000091404,1,1,4,0,0,0,26.6,91,clouds,0.27960327551035263,11.540902689279307,1.2,1.0,4.670286681860893,6
13.3506,74.7587,13.335,74.755,1.779638460474631,13.3428,74.75685,-0.01559999999999917,-0.0037000000000091404,0,4,5,0,0,0,24.4,68,clear,0.5405567145412862,13.595205699999507,1.2,1.0,5.187316898980566,6
13.3506,74.7587,13.335,74.755,1.779638460474631,13.3428,74.75685,-0.01559999999999917,-0.0037000000000091404,1,1,4,0,0,0,29.3,90,clear,0.1859339196307617,6.0177280581985535,1.2,1.0,4.955327165419721,6
13.3506,74.7587,13.335,74.755,1.779638460474631,13.3428,74.75685,-0.01559999999999917,-0.0037000000000091404,2,0,4,0,0,0,29.7,69,clear,8.517873756031273,11.608642882246096,1.2,1.0,5.575984291442304,6
13.3506,74.7587,13.335,74.755,1.779638460474631,13.3428,74.75685,-0.01559999999999917,-0.0037000000000091404,21,3,5,0,0,0,32.7,84,clouds,1.048980313517755,11.526889425562107,1.2,1.0,5.218836843839211,6
13.3506,74.7587,13.345,74.765,0.9356318987717821,13.3478,74.76185000000001,-0.005599999999999383,0.0062999999999959755,0,4,5,0,0,0,27.0,90,clouds,5.966292508196298,11.167696288277103,7.5,1.1,2.1511849274487966,7
13.3506,74.7587,13.345,74.765,0.9356318987717821,13.3478,74.76185000000001,-0.005599999999999383,0.0062999999999959755,20,2,4,0,0,0,33.1,88,clear,2.373574786618213,14.744122847899371,7.5,1.1,2.7418838970034964,7
13.3506,74.7587,13.345,74.765,0.9356318987717821,13.3478,74.76185000000001,-0.005599999999999383,0.0062999999999959755,4,5,5,1,0,0,28.0,85,clouds,2.5083189720672023,13.464984205559604,7.5,1.1,2.003617909764206,7
13.3506,74.7587,13.345,74.765,0.9356318987717821,13.3478,74.76185000000001,-0.005599999999999383,0.0062999999999959755,2,6,5,1,0,0,28.3,69,clear,0.23602951175347664,11.386861105732299,7.5,1.1,2.655417570282486,7
13.3506,74.7587,13.345,74.765,0.9356318987717821,13.3478,74.76185000000001,-0.005599999999999383,0.0062999999999959755,1,0,5,0,0,0,31.4,92,clouds,5.97353890829356,12.86966244153369,7.5,1.1,3.341732535730538,7
13.3506,74.7587,13.345,74.765,0.9356318987717821,13.3478,74.76185000000001,-0.005599999999999383,0.0062999999999959755,3,4,4,0,0,0,28.7,79,clear,0.36888119414961146,12.90131111066931,7.5,1.1,2.213337101418022,7
13.3506,74.7587,13.345,74.765,0.9356318987717821,13.3478,74.76185000000001,-0.005599999999999383,0.0062999999999959755,4,2,4,0,0,0,23.7,65,clear,3.5015973713351323,12.546398398044088,7.5,1.1,2.567649046775341,7
13.3506,74.7587,13.345,74.765,0.9356318987717821,13.3478,74.76185000000001,-0.005599999999999383,0.0062999999999959755,22,5,4,1,0,0,33.6,81,clear,0.5089356473519457,10.962784041939411,7.5,1.1,2.1956466499196834,7
13.3506,74.7587,13.345,74.765,0.9356318987717821,13.3478,74.76185000000001,-0.005599999999999383,0.0062999999999959755,18,0,5,0,1,0,32.2,79,clear,2.577410053498642,13.501072230870612,7.5,1.1,3.514955847065856,7
13.3506,74.7587,13.345,74.765,0.9356318987717821,13.3478,74.76185000000001,-0.005599999999999383,0.0062999999999959755,22,0,4,0,0,0,30.3,90,rain,1.1210366722838492,11.914349067279277,7.5,1.1,3.0581847098016057,7
13.3506,74.7587,13.345,74.765,0.9356318987717821,13.3478,74.76185000000001,-0.005599999999999383,0.0062999999999959755,23,3,4,0,0,0,30.8,78,clouds,0.7607407998298912,12.151841068518973,7.5,1.1,2.6259545179431516,7
13.3506,74.7587,13.345,74.765,0.9356318987717821,13.3478,74.76185000000001,-0.005599999999999383,0.0062999999999959755,7,6,5,1,1,0,23.1,67,clear,5.38087581481892,13.351393898788777,7.5,1.1,2.9943875014610692,7
13.3506,74.7587,13.345,74.765,0.9356318987717821,13.3478,74.76185000000001,-0.005599999999999383,0.0062999999999959755,0,3,5,0,0,0,31.1,68,clear,3.3793961550749483,10.888906441026267,7.5,1.1,2.8105656518129756,7
13.3506,74.7587,13.345,74.765,0.9356318987717821,13.3478,74.76185000000001,-0.005599999999999383,0.0062999999999959755,6,3,5,0,0,0,26.2,77,clouds,0.3018787358801647,10.923681997586543,7.5,1.1,2.5721819766588894,7
13.3506,74.7587,13.345,74.765,0.9356318987717821,13.3478,74.76185000000001,-0.005599999999999383,0.0062999999999959755,0,6,4,1,0,0,31.8,89,clear,0.2874654780581377,11.561152148152985,7.5,1.1,2.4644846856234133,7
13.3506,74.7587,13.345,74.765,0.9356318987717821,13.3478,74.76185000000001,-0.005599999999999383,0.0062999999999959755,5,2,5,0,0,0,27.8,69,clear,8.603327381222579,12.548054705344171,7.5,1.1,2.654187175278412,7
13.3506,74.7587,13.345,74.765,0.9356318987717821,13.3478,74.76185000000001,-0.005599999999999383,0.0062999999999959755,4,2,5,0,0,0,29.1,79,clear,2.165229174653416,13.34588640899008,7.5,1.1,1.9400615175646516,7
13.3506,74.7587,13.345,74.765,0.9356318987717821,13.3478,74.76185000000001,-0.005599999999999383,0.0062999999999959755,1,4,5,0,0,0,31.2,68,clear,0.7993156922379553,13.661015915320174,7.5,1.1,2.0781437411381947,7
13.3506,74.7587,13.345,74.765,0.9356318987717821,13.3478,74.76185000000001,-0.005599999999999383,0.0062999999999959755,21,2,4,0,0,0,27.1,75,clear,4.544965242588772,7.3244903331296936,7.5,1.1,2.9770770445758123,7
13.3506,74.7587,13.345,74.765,0.9356318987717821,13.3478,74.76185000000001,-0.005599999999999383,0.0062999999999959755,1,1,5,0,0,0,23.8,79,clear,7.464650101131143,13.144780622351352,7.5,1.1,1.8852510411152048,7
13.3506,74.7587,13.345,74.765,0.9356318987717821,13.3478,74.76185000000001,-0.005599999999999383,0.0062999999999959755,4,2,4,0,0,0,27.1,78,clouds,3.517477857186785,14.166546486932432,7.5,1.1,2.4998287068207348,7
13.3506,74.7587,13.345,74.765,0.9356318987717821,13.3478,74.76185000000001,-0.005599999999999383,0.0062999999999959755,6,2,4,0,0,0,26.1,75,clouds,8.884081689085516,10.775666165690359,7.5,1.1,2.416970532599963,7
13.3506,74.7587,13.345,74.765,0.9356318987717821,13.3478,74.76185000000001,-0.005599999999999383,0.0062999999999959755,23,4,4,0,0,0,28.6,75,clear,0.0292023173996019,12.867770960003286,7.5,1.1,2.0965037313408073,7
13.3506,74.7587,13.345,74.765,0.9356318987717821,13.3478,74.76185000000001,-0.005599999999999383,0.0062999999999959755,23,6,4,1,0,0,28.6,76,clear,2.505618886944463,11.924858710041038,7.5,1.1,2.62034178444815,7
13.3506,74.7587,13.345,74.765,0.9356318987717821,13.3478,74.76185000000001,-0.005599999999999383,0.0062999999999959755,18,2,5,0,1,0,33.7,71,clear,2.159601505767495,9.67613501668751,7.5,1.1,3.0554152955265352,7
13.3506,74.7587,13.345,74.765,0.9356318987717821,13.3478,74.76185000000001,-0.005599999999999383,0.0062999999999959755,0,1,4,0,0,0,21.1,76,clear,0.9844539199689486,10.779954045003288,7.5,1.1,2.669967636449675,7
13.3506,74.7587,13.345,74.765,0.9356318987717821,13.3478,74.76185000000001,-0.005599999999999383,0.0062999999999959755,2,5,4,1,0,0,27.5,67,clear,3.550604832257732,9.084784642008986,7.5,1.1,1.3195368414516477,7
13.3506,74.7587,13.345,74.765,0.9356318987717821,13.3478,74.76185000000001,-0.005599999999999383,0.0062999999999959755,8,5,4,1,1,0,27.3,70,clear,1.5713059265937779,11.660663682437557,7.5,1.1,3.748988114480436,7
13.3506,74.7587,13.345,74.765,0.9356318987717821,13.3478,74.76185000000001,-0.005599999999999383,0.0062999999999959755,8,2,4,0,1,0,26.3,87,clouds,0.8491580364995817,9.471711729944676,7.5,1.1,3.07778462711836,7
13.3506,74.7587,13.345,74.765,0.9356318987717821,13.3478,74.76185000000001,-0.005599999999999383,0.0062999999999959755,0,0,4,0,0,0,32.0,89,clear,2.3662142031043043,9.708198820035344,7.5,1.1,2.1290256791896076,7
13.3506,74.7587,13.345,74.765,0.9356318987717821,13.3478,74.76185000000001,-0.005599999999999383,0.0062999999999959755,18,5,5,1,1,0,35.3,90,clear,13.743310403101113,11.890037713398204,7.5,1.1,2.6901989365956456,7
13.3506,74.7587,13.345,74.765,0.9356318987717821,13.3478,74.76185000000001,-0.005599999999999383,0.0062999999999959755,23,0,4,0,0,0,31.4,89,clear,3.0475201173508766,14.230866594762269,7.5,1.1,2.76373337210882,7
13.3506,74.7587,13.345,74.765,0.9356318987717821,13.3478,74.76185000000001,-0.005599999999999383,0.0062999999999959755,21,0,4,0,0,0,21.5,92,clouds,2.0837101320707077,11.757840077181912,7.5,1.1,2.1816783720740207,7
13.3506,74.7587,13.345,74.765,0.9356318987717821,13.3478,74.76185000000001,-0.005599999999999383,0.0062999999999959755,3,1,4,0,0,0,34.9,90,clear,0.8774170505871931,12.59085457312977,7.5,1.1,2.770596104546498,7
13.3506,74.7587,13.345,74.765,0.9356318987717821,13.3478,74.76185000000001,-0.005599999999999383,0.0062999999999959755,17,0,4,0,1,0,26.3,74,clouds,2.76745335049937,10.559541824962096,7.5,1.1,3.9519636186937865,7
13.3506,74.7587,13.345,74.765,0.9356318987717821,13.3478,74.76185000000001,-0.005599999999999383,0.0062999999999959755,1,2,4,0,0,0,27.2,74,clouds,8.6433712661294,13.789447029294275,7.5,1.1,2.6312261397300682,7
13.3506,74.7587,13.345,74.765,0.9356318987717821,13.3478,74.76185000000001,-0.005599999999999383,0.0062999999999959755,8,5,5,1,1,0,25.9,89,clear,1.8712366385490111,11.677876993972397,7.5,1.1,2.8584167212536795,7
13.3506,74.7587,13.345,74.765,0.9356318987717821,13.3478,74.76185000000001,-0.005599999999999383,0.0062999999999959755,2,5,5,1,0,0,33.3,75,clear,17.337994009015198,12.65087371886762,7.5,1.1,2.0765065222855177,7
13.3506,74.7587,13.345,74.765,0.9356318987717821,13.3478,74.76185000000001,-0.005599999999999383,0.0062999999999959755,2,2,4,0,0,0,20.9,73,clouds,4.931429196595352,11.87578134015963,7.5,1.1,2.7359481289505263,7
13.3506,74.7587,13.345,74.765,0.9356318987717821,13.3478,74.76185000000001,-0.005599999999999383,0.0062999999999959755,18,6,3,1,1,0,27.8,89,rain,0.1551962991104393,6.259487552965549,7.5,1.1,3.809913671602559,7
13.3506,74.7587,13.345,74.765,0.9356318987717821,13.3478,74.76185000000001,-0.005599999999999383,0.0062999999999959755,21,2,4,0,0,0,28.2,78,clear,2.755720047635259,13.256764072075246,7.5,1.1,2.157589797313439,7
13.3506,74.7587,13.345,74.765,0.9356318987717821,13.3478,74.76185000000001,-0.005599999999999383,0.0062999999999959755,23,2,4,0,0,0,22.6,77,clouds,8.752130172927416,13.748353834476646,7.5,1.1,2.7191488582730385,7
13.3506,74.7587,13.345,74.765,0.9356318987717821,13.3478,74.76185000000001,-0.005599999999999383,0.0062999999999959755,23,0,3,0,0,0,27.5,71,clear,3.9144534180675823,14.330064209678914,7.5,1.1,2.483689918372854,7
13.3506,74.7587,13.345,74.765,0.9356318987717821,13.3478,74.76185000000001,-0.005599999999999383,0.0062999999999959755,5,5,4,1,0,0,28.7,69,clear,1.5426301177749,5.6243770479197135,7.5,1.1,1.6816725824667507,7
13.3506,74.7587,13.345,74.765,0.9356318987717821,13.3478,74.76185000000001,-0.005599999999999383,0.0062999999999959755,9,3,5,0,1,0,21.4,78,clear,2.3315396570407483,13.216815507598453,7.5,1.1,3.6345306557795327,7
13.3506,74.7587,13.345,74.765,0.9356318987717821,13.3478,74.76185000000001,-0.005599999999999383,0.0062999999999959755,7,4,4,0,1,0,25.8,65,clear,0.30491845615023916,9.308336430915157,7.5,1.1,4.530482523042033,7
13.3506,74.7587,13.345,74.765,0.9356318987717821,13.3478,74.76185000000001,-0.005599999999999383,0.0062999999999959755,0,2,4,0,0,0,28.3,80,rain,2.6219535533404277,6.876107504609797,7.5,1.1,2.6677110781551536,7
13.3506,74.7587,13.345,74.765,0.9356318987717821,13.3478,74.76185000000001,-0.005599999999999383,0.0062999999999959755,17,2,5,0,1,0,30.1,80,clear,3.0022491145053785,14.114385997969832,7.5,1.1,4.064767752371191,7
13.3506,74.7587,13.345,74.765,0.9356318987717821,13.3478,74.76185000000001,-0.005599999999999383,0.0062999999999959755,21,4,5,0,0,0,30.9,71,clouds,2.0791955035579686,13.4900611258256,7.5,1.1,1.7925650641645805,7
13.3506,74.7587,13.345,74.765,0.9356318987717821,13.3478,74.76185000000001,-0.005599999999999383,0.0062999999999959755,6,4,4,0,0,0,27.7,77,clouds,0.6553850229226328,8.096785612919694,7.5,1.1,3.1004757945886636,7
